userid,age,gender,vrheadset,duration,motionsickness,immersionlevel,unique_feature
1,40,Male,HTC Vive,13.59850822622312,8,5,HTC Vive 13.59850822622312
2,43,Female,HTC Vive,19.950814982037045,2,2,HTC Vive 19.950814982037045
3,27,Male,PlayStation VR,16.543387403445806,4,2,PlayStation VR 16.543387403445806
4,33,Male,HTC Vive,42.57408329936264,6,3,HTC Vive 42.57408329936264
5,51,Male,PlayStation VR,22.452646660410768,4,2,PlayStation VR 22.452646660410768
6,46,Other,Oculus Rift,28.284971508682087,7,4,Oculus Rift 28.284971508682087
7,49,Other,Oculus Rift,52.298300530611705,7,3,Oculus Rift 52.298300530611705
8,42,Other,Oculus Rift,22.95941607305977,8,2,Oculus Rift 22.95941607305977
9,56,Female,PlayStation VR,16.858710163062334,5,1,PlayStation VR 16.858710163062334
10,60,Male,Oculus Rift,34.470606224394096,5,4,Oculus Rift 34.470606224394096
11,37,Male,Oculus Rift,43.369076173206025,2,1,Oculus Rift 43.369076173206025
12,23,Other,PlayStation VR,25.109776419378324,8,4,PlayStation VR 25.109776419378324
13,45,Male,PlayStation VR,58.135515249597866,5,3,PlayStation VR 58.135515249597866
14,28,Female,PlayStation VR,25.98475653246694,5,5,PlayStation VR 25.98475653246694
15,23,Male,HTC Vive,57.14737170483026,7,4,HTC Vive 57.14737170483026
16,34,Female,Oculus Rift,44.69653881983199,1,3,Oculus Rift 44.69653881983199
17,48,Male,PlayStation VR,22.86465198740359,10,5,PlayStation VR 22.86465198740359
18,54,Male,PlayStation VR,36.80742591920735,4,2,PlayStation VR 36.80742591920735
19,35,Other,Oculus Rift,48.29172371093784,10,1,Oculus Rift 48.29172371093784
20,27,Other,Oculus Rift,15.796858663495978,7,2,Oculus Rift 15.796858663495978
21,25,Other,Oculus Rift,36.50105563997955,10,1,Oculus Rift 36.50105563997955
22,57,Male,Oculus Rift,23.584564309552,4,3,Oculus Rift 23.584564309552
23,38,Female,Oculus Rift,35.34748381756607,4,5,Oculus Rift 35.34748381756607
24,60,Female,Oculus Rift,44.650802883781175,10,5,Oculus Rift 44.650802883781175
25,41,Other,PlayStation VR,5.284614604786615,5,5,PlayStation VR 5.284614604786615
26,28,Female,PlayStation VR,26.694855666660157,9,1,PlayStation VR 26.694855666660157
27,60,Other,Oculus Rift,15.264069296488367,3,3,Oculus Rift 15.264069296488367
28,24,Male,HTC Vive,34.09273884345478,7,3,HTC Vive 34.09273884345478
29,30,Other,HTC Vive,57.409610908285664,4,4,HTC Vive 57.409610908285664
30,59,Female,Oculus Rift,11.516564009860105,6,3,Oculus Rift 11.516564009860105
31,31,Male,Oculus Rift,32.520598741098595,7,1,Oculus Rift 32.520598741098595
32,25,Other,HTC Vive,20.997101664056203,6,3,HTC Vive 20.997101664056203
33,39,Female,PlayStation VR,18.35110287398228,1,5,PlayStation VR 18.35110287398228
34,49,Male,PlayStation VR,28.80686780874029,10,1,PlayStation VR 28.80686780874029
35,23,Other,PlayStation VR,20.103585377837604,3,1,PlayStation VR 20.103585377837604
36,53,Female,Oculus Rift,45.49614799594853,10,5,Oculus Rift 45.49614799594853
37,54,Other,Oculus Rift,37.72750377275237,5,3,Oculus Rift 37.72750377275237
38,41,Male,Oculus Rift,52.72082314860701,3,4,Oculus Rift 52.72082314860701
39,43,Female,PlayStation VR,6.115949163934541,10,3,PlayStation VR 6.115949163934541
40,45,Other,PlayStation VR,39.828380778093,9,2,PlayStation VR 39.828380778093
41,30,Female,PlayStation VR,10.312469511647471,9,4,PlayStation VR 10.312469511647471
42,33,Male,HTC Vive,40.54652247600933,5,1,HTC Vive 40.54652247600933
43,53,Female,HTC Vive,6.417383142271446,3,2,HTC Vive 6.417383142271446
44,19,Other,PlayStation VR,14.899367933909812,10,1,PlayStation VR 14.899367933909812
45,51,Female,PlayStation VR,58.525514227701095,10,5,PlayStation VR 58.525514227701095
46,41,Other,PlayStation VR,19.296934502467558,6,4,PlayStation VR 19.296934502467558
47,39,Female,HTC Vive,21.0427613626076,2,4,HTC Vive 21.0427613626076
48,29,Female,PlayStation VR,14.866675032647931,6,4,PlayStation VR 14.866675032647931
49,37,Female,Oculus Rift,46.19613981805462,8,5,Oculus Rift 46.19613981805462
50,36,Female,Oculus Rift,13.861580093962896,5,1,Oculus Rift 13.861580093962896
51,49,Female,Oculus Rift,16.850728486892848,2,4,Oculus Rift 16.850728486892848
52,34,Other,Oculus Rift,41.024921730814576,7,3,Oculus Rift 41.024921730814576
53,46,Other,PlayStation VR,48.887564989273706,6,2,PlayStation VR 48.887564989273706
54,54,Male,HTC Vive,53.91962373315263,5,2,HTC Vive 53.91962373315263
55,38,Female,Oculus Rift,18.42890716490987,7,1,Oculus Rift 18.42890716490987
56,45,Male,HTC Vive,49.64095633147983,6,2,HTC Vive 49.64095633147983
57,58,Other,PlayStation VR,43.97174729834192,5,2,PlayStation VR 43.97174729834192
58,38,Female,Oculus Rift,51.37879755562164,3,2,Oculus Rift 51.37879755562164
59,46,Other,HTC Vive,57.21322866729393,9,1,HTC Vive 57.21322866729393
60,36,Other,HTC Vive,23.895177669622065,7,1,HTC Vive 23.895177669622065
61,50,Other,Oculus Rift,14.665597513548036,8,4,Oculus Rift 14.665597513548036
62,44,Other,Oculus Rift,51.69183497363492,4,1,Oculus Rift 51.69183497363492
63,56,Male,PlayStation VR,50.04306923551602,6,3,PlayStation VR 50.04306923551602
64,47,Male,HTC Vive,50.52823104912159,2,5,HTC Vive 50.52823104912159
65,43,Male,PlayStation VR,17.270449217582556,10,2,PlayStation VR 17.270449217582556
66,54,Male,HTC Vive,42.758467651011976,7,2,HTC Vive 42.758467651011976
67,29,Female,PlayStation VR,13.467847728661791,8,5,PlayStation VR 13.467847728661791
68,57,Male,PlayStation VR,5.536129568559261,6,5,PlayStation VR 5.536129568559261
69,23,Male,HTC Vive,48.569948303232216,6,4,HTC Vive 48.569948303232216
70,43,Male,HTC Vive,39.56828853000213,9,3,HTC Vive 39.56828853000213
71,55,Other,PlayStation VR,25.26757899480525,1,1,PlayStation VR 25.26757899480525
72,49,Female,HTC Vive,8.11170520004374,4,2,HTC Vive 8.11170520004374
73,60,Other,PlayStation VR,48.85933277286004,5,5,PlayStation VR 48.85933277286004
74,35,Female,HTC Vive,50.72528526056071,7,2,HTC Vive 50.72528526056071
75,19,Male,PlayStation VR,41.27046296011498,10,3,PlayStation VR 41.27046296011498
76,42,Female,PlayStation VR,44.96861404693434,6,4,PlayStation VR 44.96861404693434
77,47,Male,PlayStation VR,27.19291658302162,7,4,PlayStation VR 27.19291658302162
78,44,Female,Oculus Rift,53.98785147523447,7,1,Oculus Rift 53.98785147523447
79,36,Female,PlayStation VR,32.97738405178237,5,2,PlayStation VR 32.97738405178237
80,28,Female,PlayStation VR,51.643972752162696,9,5,PlayStation VR 51.643972752162696
81,27,Male,HTC Vive,42.16826560098456,1,4,HTC Vive 42.16826560098456
82,35,Other,PlayStation VR,44.10541934446075,5,3,PlayStation VR 44.10541934446075
83,26,Female,PlayStation VR,28.812585927484125,2,1,PlayStation VR 28.812585927484125
84,37,Female,PlayStation VR,57.97592199086118,8,3,PlayStation VR 57.97592199086118
85,27,Other,HTC Vive,5.008671710631825,7,2,HTC Vive 5.008671710631825
86,45,Other,HTC Vive,14.335874260632306,6,1,HTC Vive 14.335874260632306
87,37,Male,Oculus Rift,55.2234370704365,2,2,Oculus Rift 55.2234370704365
88,33,Female,PlayStation VR,50.59485754835504,9,2,PlayStation VR 50.59485754835504
89,42,Female,PlayStation VR,36.97239643525675,2,4,PlayStation VR 36.97239643525675
90,19,Other,HTC Vive,42.00094508330504,2,5,HTC Vive 42.00094508330504
91,54,Other,PlayStation VR,13.024758899765471,4,4,PlayStation VR 13.024758899765471
92,43,Female,HTC Vive,31.43479161465861,1,4,HTC Vive 31.43479161465861
93,48,Other,HTC Vive,28.114186190232424,10,3,HTC Vive 28.114186190232424
94,21,Other,Oculus Rift,21.28381836921493,1,2,Oculus Rift 21.28381836921493
95,55,Female,PlayStation VR,42.98374607803835,7,1,PlayStation VR 42.98374607803835
96,58,Other,PlayStation VR,57.39661712816199,4,5,PlayStation VR 57.39661712816199
97,49,Female,Oculus Rift,39.50616333085914,8,1,Oculus Rift 39.50616333085914
98,47,Female,PlayStation VR,15.52703652064751,8,1,PlayStation VR 15.52703652064751
99,41,Other,HTC Vive,52.24950968801828,7,3,HTC Vive 52.24950968801828
100,37,Female,PlayStation VR,35.44494881727786,8,5,PlayStation VR 35.44494881727786
101,21,Male,HTC Vive,43.628670404505,8,1,HTC Vive 43.628670404505
102,57,Other,HTC Vive,40.25901298393924,6,4,HTC Vive 40.25901298393924
103,22,Male,HTC Vive,27.97101601959013,5,3,HTC Vive 27.97101601959013
104,58,Male,Oculus Rift,5.938233637962936,8,2,Oculus Rift 5.938233637962936
105,27,Male,HTC Vive,44.62556264380942,1,3,HTC Vive 44.62556264380942
106,38,Male,Oculus Rift,37.21702115880852,4,2,Oculus Rift 37.21702115880852
107,29,Male,HTC Vive,58.57555010227446,3,2,HTC Vive 58.57555010227446
108,55,Male,PlayStation VR,43.4532130372289,10,4,PlayStation VR 43.4532130372289
109,39,Female,Oculus Rift,39.98129768969828,1,1,Oculus Rift 39.98129768969828
110,21,Other,HTC Vive,51.04603098994023,9,3,HTC Vive 51.04603098994023
111,25,Male,Oculus Rift,25.32700076536103,3,2,Oculus Rift 25.32700076536103
112,60,Other,HTC Vive,12.702774917558262,1,4,HTC Vive 12.702774917558262
113,39,Female,PlayStation VR,27.20456464511001,4,5,PlayStation VR 27.20456464511001
114,42,Male,Oculus Rift,31.6460116173224,8,4,Oculus Rift 31.6460116173224
115,37,Female,PlayStation VR,12.784447483912658,6,1,PlayStation VR 12.784447483912658
116,46,Female,Oculus Rift,31.173395578585243,1,4,Oculus Rift 31.173395578585243
117,34,Male,Oculus Rift,6.13900559378939,5,1,Oculus Rift 6.13900559378939
118,59,Female,HTC Vive,5.503272092564931,10,1,HTC Vive 5.503272092564931
119,40,Male,HTC Vive,42.453621281452776,5,1,HTC Vive 42.453621281452776
120,38,Male,PlayStation VR,17.99089158735286,3,4,PlayStation VR 17.99089158735286
121,60,Female,HTC Vive,7.3827275549122895,10,1,HTC Vive 7.3827275549122895
122,33,Female,HTC Vive,55.24004123815162,8,3,HTC Vive 55.24004123815162
123,40,Female,Oculus Rift,51.7433367919241,3,3,Oculus Rift 51.7433367919241
124,40,Other,HTC Vive,19.53150021310952,1,2,HTC Vive 19.53150021310952
125,18,Female,PlayStation VR,23.441191161586133,10,4,PlayStation VR 23.441191161586133
126,41,Other,Oculus Rift,50.254934338089846,1,1,Oculus Rift 50.254934338089846
127,60,Other,PlayStation VR,58.77237494920231,1,5,PlayStation VR 58.77237494920231
128,35,Other,HTC Vive,15.314607983257211,10,1,HTC Vive 15.314607983257211
129,50,Other,PlayStation VR,18.48418008154072,8,4,PlayStation VR 18.48418008154072
130,26,Female,HTC Vive,56.38556962459881,2,1,HTC Vive 56.38556962459881
131,19,Male,PlayStation VR,5.193212457694742,5,5,PlayStation VR 5.193212457694742
132,42,Other,PlayStation VR,14.689246670164838,5,5,PlayStation VR 14.689246670164838
133,40,Other,PlayStation VR,11.205968444628528,7,4,PlayStation VR 11.205968444628528
134,21,Female,PlayStation VR,17.66921492548709,9,5,PlayStation VR 17.66921492548709
135,49,Other,PlayStation VR,53.54930699615135,7,4,PlayStation VR 53.54930699615135
136,35,Other,PlayStation VR,22.594296526539853,8,2,PlayStation VR 22.594296526539853
137,39,Female,HTC Vive,43.69333550231479,10,2,HTC Vive 43.69333550231479
138,57,Other,PlayStation VR,15.1302400568986,2,3,PlayStation VR 15.1302400568986
139,42,Female,Oculus Rift,7.07738174869298,5,5,Oculus Rift 7.07738174869298
140,58,Male,Oculus Rift,28.879421955670868,2,1,Oculus Rift 28.879421955670868
141,45,Other,Oculus Rift,43.38548836196316,8,2,Oculus Rift 43.38548836196316
142,34,Other,Oculus Rift,49.26654303094564,1,5,Oculus Rift 49.26654303094564
143,36,Other,PlayStation VR,43.67715151260036,3,3,PlayStation VR 43.67715151260036
144,21,Male,Oculus Rift,32.33167012748571,9,1,Oculus Rift 32.33167012748571
145,18,Other,HTC Vive,10.455393958544962,5,2,HTC Vive 10.455393958544962
146,31,Male,Oculus Rift,54.33275421310929,3,1,Oculus Rift 54.33275421310929
147,37,Other,Oculus Rift,56.058982390892425,4,1,Oculus Rift 56.058982390892425
148,33,Other,PlayStation VR,13.320523914573748,7,1,PlayStation VR 13.320523914573748
149,20,Female,HTC Vive,45.23560483706321,2,4,HTC Vive 45.23560483706321
150,26,Other,PlayStation VR,33.803091425587496,4,2,PlayStation VR 33.803091425587496
151,39,Other,Oculus Rift,32.7304632936619,3,4,Oculus Rift 32.7304632936619
152,49,Female,Oculus Rift,22.532101245605144,10,3,Oculus Rift 22.532101245605144
153,42,Other,HTC Vive,43.135963204183504,3,4,HTC Vive 43.135963204183504
154,20,Other,HTC Vive,57.38293506273816,3,5,HTC Vive 57.38293506273816
155,43,Female,HTC Vive,9.018878245830791,4,5,HTC Vive 9.018878245830791
156,35,Female,Oculus Rift,11.308401229533834,10,3,Oculus Rift 11.308401229533834
157,55,Female,HTC Vive,32.13185178552564,5,5,HTC Vive 32.13185178552564
158,36,Other,Oculus Rift,24.25074579431782,1,1,Oculus Rift 24.25074579431782
159,55,Female,PlayStation VR,32.41566194598681,10,1,PlayStation VR 32.41566194598681
160,60,Female,PlayStation VR,59.03127087259328,6,3,PlayStation VR 59.03127087259328
161,60,Male,PlayStation VR,29.025296823415925,8,1,PlayStation VR 29.025296823415925
162,58,Other,PlayStation VR,57.27418269202001,10,3,PlayStation VR 57.27418269202001
163,19,Other,HTC Vive,54.2418522480388,2,1,HTC Vive 54.2418522480388
164,25,Female,Oculus Rift,38.9716086615651,1,3,Oculus Rift 38.9716086615651
165,19,Male,Oculus Rift,31.38581411563076,5,2,Oculus Rift 31.38581411563076
166,39,Female,PlayStation VR,8.69302738982064,2,4,PlayStation VR 8.69302738982064
167,30,Male,HTC Vive,13.417641589357634,6,5,HTC Vive 13.417641589357634
168,48,Female,Oculus Rift,9.941461761896608,1,5,Oculus Rift 9.941461761896608
169,32,Other,HTC Vive,51.8597893597564,3,5,HTC Vive 51.8597893597564
170,36,Male,PlayStation VR,41.14762387222579,10,1,PlayStation VR 41.14762387222579
171,24,Female,HTC Vive,41.141356913393786,5,1,HTC Vive 41.141356913393786
172,43,Male,HTC Vive,48.102678453550666,1,1,HTC Vive 48.102678453550666
173,39,Other,HTC Vive,43.92802031298216,8,1,HTC Vive 43.92802031298216
174,58,Female,Oculus Rift,37.108474112540186,2,1,Oculus Rift 37.108474112540186
175,48,Female,Oculus Rift,33.08303161329691,9,2,Oculus Rift 33.08303161329691
176,38,Male,PlayStation VR,21.83719810721277,9,2,PlayStation VR 21.83719810721277
177,55,Female,HTC Vive,20.85454578239926,3,2,HTC Vive 20.85454578239926
178,23,Male,HTC Vive,19.481424852284768,1,2,HTC Vive 19.481424852284768
179,31,Female,HTC Vive,25.125631137867902,9,1,HTC Vive 25.125631137867902
180,27,Female,HTC Vive,6.335489106310346,9,3,HTC Vive 6.335489106310346
181,26,Other,HTC Vive,24.29471869678068,3,1,HTC Vive 24.29471869678068
182,24,Male,Oculus Rift,59.166574082555705,2,4,Oculus Rift 59.166574082555705
183,34,Other,Oculus Rift,34.11544739125256,7,5,Oculus Rift 34.11544739125256
184,26,Female,PlayStation VR,51.68361916296101,4,2,PlayStation VR 51.68361916296101
185,33,Other,Oculus Rift,42.90109851228274,8,3,Oculus Rift 42.90109851228274
186,55,Female,PlayStation VR,35.80517132296273,10,3,PlayStation VR 35.80517132296273
187,42,Male,Oculus Rift,13.39637036015206,2,1,Oculus Rift 13.39637036015206
188,29,Female,HTC Vive,26.222387976190834,1,3,HTC Vive 26.222387976190834
189,28,Female,Oculus Rift,46.0525474160488,1,2,Oculus Rift 46.0525474160488
190,55,Other,Oculus Rift,54.987576589635225,4,5,Oculus Rift 54.987576589635225
191,57,Other,PlayStation VR,22.273076675454217,10,4,PlayStation VR 22.273076675454217
192,29,Female,Oculus Rift,52.66661157298209,2,3,Oculus Rift 52.66661157298209
193,55,Female,PlayStation VR,59.17311719535402,4,1,PlayStation VR 59.17311719535402
194,41,Female,PlayStation VR,42.89614867500631,3,3,PlayStation VR 42.89614867500631
195,39,Male,Oculus Rift,45.16754834971111,8,3,Oculus Rift 45.16754834971111
196,37,Other,PlayStation VR,32.14204874293199,6,1,PlayStation VR 32.14204874293199
197,20,Other,HTC Vive,45.28963279006209,8,5,HTC Vive 45.28963279006209
198,55,Male,Oculus Rift,42.96134383595791,8,5,Oculus Rift 42.96134383595791
199,56,Other,PlayStation VR,41.025526343178406,3,4,PlayStation VR 41.025526343178406
200,33,Other,HTC Vive,11.47021901619747,10,1,HTC Vive 11.47021901619747
201,55,Male,Oculus Rift,8.46133530888975,3,4,Oculus Rift 8.46133530888975
202,38,Male,HTC Vive,25.71767960856044,3,4,HTC Vive 25.71767960856044
203,32,Female,HTC Vive,42.3839622804653,7,1,HTC Vive 42.3839622804653
204,21,Other,Oculus Rift,9.213936961051264,2,1,Oculus Rift 9.213936961051264
205,40,Other,PlayStation VR,8.720006193692365,5,2,PlayStation VR 8.720006193692365
206,20,Other,Oculus Rift,28.09123714045642,7,2,Oculus Rift 28.09123714045642
207,18,Male,HTC Vive,31.577104855025517,4,4,HTC Vive 31.577104855025517
208,41,Female,HTC Vive,28.233899957625752,4,5,HTC Vive 28.233899957625752
209,25,Male,Oculus Rift,13.818440400003515,7,2,Oculus Rift 13.818440400003515
210,48,Male,Oculus Rift,31.179810229576077,1,5,Oculus Rift 31.179810229576077
211,51,Other,HTC Vive,52.77755413185617,6,2,HTC Vive 52.77755413185617
212,24,Female,PlayStation VR,26.76990493363618,8,5,PlayStation VR 26.76990493363618
213,53,Female,Oculus Rift,32.22221426824987,10,2,Oculus Rift 32.22221426824987
214,42,Male,HTC Vive,21.117690873840647,6,4,HTC Vive 21.117690873840647
215,56,Female,HTC Vive,5.925511277013653,10,1,HTC Vive 5.925511277013653
216,59,Male,PlayStation VR,55.26796192437496,5,5,PlayStation VR 55.26796192437496
217,32,Male,Oculus Rift,56.228349131973616,9,5,Oculus Rift 56.228349131973616
218,20,Male,Oculus Rift,51.4861096041564,6,3,Oculus Rift 51.4861096041564
219,47,Other,Oculus Rift,35.16229434282233,9,5,Oculus Rift 35.16229434282233
220,42,Female,HTC Vive,58.67896539588441,9,2,HTC Vive 58.67896539588441
221,29,Female,PlayStation VR,32.434009317665,2,4,PlayStation VR 32.434009317665
222,38,Other,PlayStation VR,45.7369988497472,10,1,PlayStation VR 45.7369988497472
223,20,Other,HTC Vive,14.98568792290144,6,2,HTC Vive 14.98568792290144
224,38,Other,Oculus Rift,56.87272604761874,5,4,Oculus Rift 56.87272604761874
225,60,Other,PlayStation VR,52.77465196395801,4,4,PlayStation VR 52.77465196395801
226,20,Female,Oculus Rift,44.21489732983517,7,4,Oculus Rift 44.21489732983517
227,30,Female,Oculus Rift,24.55458662746932,4,5,Oculus Rift 24.55458662746932
228,19,Female,PlayStation VR,12.269679569089012,1,3,PlayStation VR 12.269679569089012
229,30,Male,HTC Vive,15.072718759616183,9,2,HTC Vive 15.072718759616183
230,47,Female,PlayStation VR,43.91145113475982,4,4,PlayStation VR 43.91145113475982
231,31,Male,Oculus Rift,49.22463189542025,3,5,Oculus Rift 49.22463189542025
232,25,Male,Oculus Rift,23.18860293315785,10,2,Oculus Rift 23.18860293315785
233,60,Male,PlayStation VR,17.252068907454017,9,3,PlayStation VR 17.252068907454017
234,35,Other,Oculus Rift,28.566049426140815,2,4,Oculus Rift 28.566049426140815
235,41,Other,Oculus Rift,33.51071575047004,5,5,Oculus Rift 33.51071575047004
236,36,Other,Oculus Rift,27.60046750055184,10,2,Oculus Rift 27.60046750055184
237,39,Other,HTC Vive,35.271372770457845,1,3,HTC Vive 35.271372770457845
238,31,Other,HTC Vive,35.15146030088155,1,1,HTC Vive 35.15146030088155
239,23,Male,PlayStation VR,6.632134053635467,3,2,PlayStation VR 6.632134053635467
240,52,Female,Oculus Rift,28.35404615609802,5,2,Oculus Rift 28.35404615609802
241,20,Male,PlayStation VR,36.816617931522046,3,4,PlayStation VR 36.816617931522046
242,47,Female,PlayStation VR,18.26953024431006,6,4,PlayStation VR 18.26953024431006
243,24,Other,HTC Vive,30.16684105285917,2,1,HTC Vive 30.16684105285917
244,52,Other,HTC Vive,56.10284518363555,5,3,HTC Vive 56.10284518363555
245,35,Male,Oculus Rift,41.60064960306035,2,5,Oculus Rift 41.60064960306035
246,36,Other,PlayStation VR,56.13921191808851,10,3,PlayStation VR 56.13921191808851
247,51,Other,HTC Vive,50.295990444064685,1,2,HTC Vive 50.295990444064685
248,42,Other,HTC Vive,19.978172909441987,6,1,HTC Vive 19.978172909441987
249,53,Other,Oculus Rift,29.09477246249797,6,4,Oculus Rift 29.09477246249797
250,38,Male,HTC Vive,20.68966798831051,7,3,HTC Vive 20.68966798831051
251,34,Male,Oculus Rift,25.931966912460958,4,4,Oculus Rift 25.931966912460958
252,35,Male,HTC Vive,14.5358348341867,5,1,HTC Vive 14.5358348341867
253,60,Other,Oculus Rift,24.888673467330797,4,5,Oculus Rift 24.888673467330797
254,20,Other,HTC Vive,52.18778860144982,3,2,HTC Vive 52.18778860144982
255,32,Male,Oculus Rift,59.1376519075106,9,1,Oculus Rift 59.1376519075106
256,30,Other,Oculus Rift,51.55033090234956,10,2,Oculus Rift 51.55033090234956
257,32,Female,HTC Vive,41.19548707332049,2,1,HTC Vive 41.19548707332049
258,56,Female,Oculus Rift,58.4648380169248,4,4,Oculus Rift 58.4648380169248
259,49,Female,HTC Vive,26.05533812159344,10,2,HTC Vive 26.05533812159344
260,38,Female,HTC Vive,5.347581524631143,10,1,HTC Vive 5.347581524631143
261,59,Female,Oculus Rift,15.892440058310168,4,3,Oculus Rift 15.892440058310168
262,41,Male,PlayStation VR,12.3220294611079,4,4,PlayStation VR 12.3220294611079
263,48,Male,Oculus Rift,22.683333988707663,4,1,Oculus Rift 22.683333988707663
264,32,Female,Oculus Rift,7.233043570780897,9,5,Oculus Rift 7.233043570780897
265,24,Male,HTC Vive,51.89726739598849,8,2,HTC Vive 51.89726739598849
266,29,Male,PlayStation VR,21.4113019358818,8,2,PlayStation VR 21.4113019358818
267,53,Male,HTC Vive,28.260952990353957,5,1,HTC Vive 28.260952990353957
268,57,Other,Oculus Rift,30.90222249596188,1,5,Oculus Rift 30.90222249596188
269,42,Female,Oculus Rift,42.63299269988583,10,1,Oculus Rift 42.63299269988583
270,58,Other,HTC Vive,40.28872412180051,5,5,HTC Vive 40.28872412180051
271,37,Other,Oculus Rift,13.163848009366404,10,5,Oculus Rift 13.163848009366404
272,29,Female,Oculus Rift,43.22221062770512,10,3,Oculus Rift 43.22221062770512
273,25,Female,HTC Vive,36.342266714381,7,1,HTC Vive 36.342266714381
274,27,Other,PlayStation VR,36.08073790418675,5,4,PlayStation VR 36.08073790418675
275,33,Female,HTC Vive,28.25543202084931,1,3,HTC Vive 28.25543202084931
276,38,Female,PlayStation VR,35.990464762514854,5,1,PlayStation VR 35.990464762514854
277,57,Other,Oculus Rift,52.03967136670318,6,5,Oculus Rift 52.03967136670318
278,39,Male,HTC Vive,58.32511039095489,6,4,HTC Vive 58.32511039095489
279,55,Other,Oculus Rift,21.78197038569274,2,3,Oculus Rift 21.78197038569274
280,41,Other,Oculus Rift,5.608130156959668,5,4,Oculus Rift 5.608130156959668
281,24,Male,PlayStation VR,55.57757196988497,9,1,PlayStation VR 55.57757196988497
282,47,Male,HTC Vive,44.40805706214391,5,3,HTC Vive 44.40805706214391
283,47,Female,Oculus Rift,31.40139958757288,7,4,Oculus Rift 31.40139958757288
284,40,Female,Oculus Rift,59.73389531418631,9,4,Oculus Rift 59.73389531418631
285,20,Other,PlayStation VR,5.678893773178635,9,4,PlayStation VR 5.678893773178635
286,54,Other,PlayStation VR,24.80022234986135,7,2,PlayStation VR 24.80022234986135
287,56,Male,Oculus Rift,43.61129637686162,8,2,Oculus Rift 43.61129637686162
288,47,Other,Oculus Rift,15.84963661077921,9,5,Oculus Rift 15.84963661077921
289,23,Female,PlayStation VR,40.94482898617223,2,1,PlayStation VR 40.94482898617223
290,32,Other,Oculus Rift,19.300457986034857,9,5,Oculus Rift 19.300457986034857
291,31,Female,Oculus Rift,7.495519139628522,8,5,Oculus Rift 7.495519139628522
292,42,Male,HTC Vive,35.266731155458174,3,5,HTC Vive 35.266731155458174
293,51,Male,PlayStation VR,21.39356750777037,5,3,PlayStation VR 21.39356750777037
294,28,Other,Oculus Rift,57.09694590252728,7,1,Oculus Rift 57.09694590252728
295,40,Female,Oculus Rift,45.27820204665306,3,4,Oculus Rift 45.27820204665306
296,33,Male,Oculus Rift,52.44700641008652,9,3,Oculus Rift 52.44700641008652
297,23,Male,PlayStation VR,43.89558720821031,7,1,PlayStation VR 43.89558720821031
298,39,Other,HTC Vive,55.89584405260791,1,1,HTC Vive 55.89584405260791
299,31,Female,Oculus Rift,22.84346315644444,9,4,Oculus Rift 22.84346315644444
300,18,Other,HTC Vive,51.813832644409,7,3,HTC Vive 51.813832644409
301,46,Other,PlayStation VR,36.596810435411314,6,1,PlayStation VR 36.596810435411314
302,27,Female,HTC Vive,42.75459162808759,10,2,HTC Vive 42.75459162808759
303,30,Other,Oculus Rift,27.097769821057163,4,5,Oculus Rift 27.097769821057163
304,30,Other,HTC Vive,19.27087809829737,3,5,HTC Vive 19.27087809829737
305,55,Female,HTC Vive,20.621731128775817,6,3,HTC Vive 20.621731128775817
306,34,Male,PlayStation VR,37.11842032810016,1,5,PlayStation VR 37.11842032810016
307,18,Male,HTC Vive,53.95627156487721,9,4,HTC Vive 53.95627156487721
308,58,Male,Oculus Rift,57.283119906548514,10,1,Oculus Rift 57.283119906548514
309,37,Female,Oculus Rift,25.227551853333026,1,3,Oculus Rift 25.227551853333026
310,33,Other,PlayStation VR,58.21748904802064,6,2,PlayStation VR 58.21748904802064
311,30,Other,PlayStation VR,19.099456707347784,3,3,PlayStation VR 19.099456707347784
312,51,Other,PlayStation VR,55.62710606978335,5,5,PlayStation VR 55.62710606978335
313,29,Female,Oculus Rift,6.216317575756527,7,4,Oculus Rift 6.216317575756527
314,33,Male,PlayStation VR,56.726841066606255,8,2,PlayStation VR 56.726841066606255
315,41,Male,HTC Vive,28.07512995784392,1,3,HTC Vive 28.07512995784392
316,38,Female,HTC Vive,28.49336865016499,8,1,HTC Vive 28.49336865016499
317,31,Other,HTC Vive,44.27517213380118,1,4,HTC Vive 44.27517213380118
318,50,Female,PlayStation VR,52.9150771300714,1,2,PlayStation VR 52.9150771300714
319,20,Other,Oculus Rift,41.39791209475809,7,3,Oculus Rift 41.39791209475809
320,25,Female,HTC Vive,45.32232954931562,5,4,HTC Vive 45.32232954931562
321,25,Male,PlayStation VR,12.468253778625051,6,5,PlayStation VR 12.468253778625051
322,24,Other,Oculus Rift,26.890696273873296,3,1,Oculus Rift 26.890696273873296
323,28,Female,Oculus Rift,39.133191551012814,10,2,Oculus Rift 39.133191551012814
324,55,Female,HTC Vive,42.40765747279055,10,1,HTC Vive 42.40765747279055
325,31,Female,PlayStation VR,16.054033759227025,6,2,PlayStation VR 16.054033759227025
326,47,Other,Oculus Rift,5.991537516239286,5,2,Oculus Rift 5.991537516239286
327,47,Male,Oculus Rift,53.93997048486796,2,1,Oculus Rift 53.93997048486796
328,34,Female,PlayStation VR,44.53550335857871,8,3,PlayStation VR 44.53550335857871
329,35,Male,HTC Vive,41.85057664742197,7,5,HTC Vive 41.85057664742197
330,21,Other,HTC Vive,30.673299682189374,7,3,HTC Vive 30.673299682189374
331,38,Female,Oculus Rift,5.2037596464231495,7,1,Oculus Rift 5.2037596464231495
332,19,Female,PlayStation VR,47.81088016028836,3,4,PlayStation VR 47.81088016028836
333,33,Male,Oculus Rift,54.397616556459816,8,1,Oculus Rift 54.397616556459816
334,21,Other,Oculus Rift,24.5468159947274,2,4,Oculus Rift 24.5468159947274
335,34,Other,Oculus Rift,59.10230825644275,10,2,Oculus Rift 59.10230825644275
336,33,Male,HTC Vive,36.31931612006679,7,4,HTC Vive 36.31931612006679
337,35,Male,Oculus Rift,30.571581052423284,8,3,Oculus Rift 30.571581052423284
338,28,Male,HTC Vive,39.65986004506149,6,3,HTC Vive 39.65986004506149
339,56,Other,HTC Vive,53.71562479663135,3,4,HTC Vive 53.71562479663135
340,59,Male,Oculus Rift,51.28791536804561,7,2,Oculus Rift 51.28791536804561
341,24,Male,PlayStation VR,42.22566106107188,2,3,PlayStation VR 42.22566106107188
342,49,Male,Oculus Rift,56.65839690194559,10,5,Oculus Rift 56.65839690194559
343,18,Male,PlayStation VR,36.6168105133259,8,2,PlayStation VR 36.6168105133259
344,46,Female,HTC Vive,13.794704970598463,4,2,HTC Vive 13.794704970598463
345,41,Other,Oculus Rift,10.757991201232995,3,5,Oculus Rift 10.757991201232995
346,24,Male,PlayStation VR,27.64425584146729,7,4,PlayStation VR 27.64425584146729
347,40,Male,Oculus Rift,11.583002823863684,7,1,Oculus Rift 11.583002823863684
348,31,Male,PlayStation VR,18.38947454725629,1,2,PlayStation VR 18.38947454725629
349,22,Other,Oculus Rift,44.50964948342455,1,3,Oculus Rift 44.50964948342455
350,49,Female,HTC Vive,28.10560509620214,10,3,HTC Vive 28.10560509620214
351,20,Female,PlayStation VR,28.12306436847124,5,2,PlayStation VR 28.12306436847124
352,50,Other,PlayStation VR,35.404233055531854,10,4,PlayStation VR 35.404233055531854
353,29,Male,Oculus Rift,31.4749538653062,5,4,Oculus Rift 31.4749538653062
354,53,Female,Oculus Rift,31.28611853037196,10,1,Oculus Rift 31.28611853037196
355,18,Female,Oculus Rift,25.3460986947932,1,1,Oculus Rift 25.3460986947932
356,49,Other,HTC Vive,49.46415846084132,10,3,HTC Vive 49.46415846084132
357,50,Male,PlayStation VR,32.79333326725688,3,4,PlayStation VR 32.79333326725688
358,26,Male,HTC Vive,40.22589466259648,1,5,HTC Vive 40.22589466259648
359,25,Other,HTC Vive,15.655624310449872,9,5,HTC Vive 15.655624310449872
360,23,Other,HTC Vive,28.298782960393165,6,3,HTC Vive 28.298782960393165
361,24,Female,HTC Vive,20.43509762688727,9,2,HTC Vive 20.43509762688727
362,40,Male,HTC Vive,17.96340375281855,1,3,HTC Vive 17.96340375281855
363,30,Male,PlayStation VR,25.462767376471923,7,4,PlayStation VR 25.462767376471923
364,28,Male,PlayStation VR,38.95967545750432,4,3,PlayStation VR 38.95967545750432
365,35,Male,PlayStation VR,51.14778727713122,1,5,PlayStation VR 51.14778727713122
366,27,Female,Oculus Rift,25.717475007051203,4,3,Oculus Rift 25.717475007051203
367,44,Other,Oculus Rift,52.83247275216572,2,5,Oculus Rift 52.83247275216572
368,26,Female,HTC Vive,26.889067494153824,8,5,HTC Vive 26.889067494153824
369,54,Male,PlayStation VR,21.013797744703744,5,4,PlayStation VR 21.013797744703744
370,58,Other,PlayStation VR,23.82493466864835,2,2,PlayStation VR 23.82493466864835
371,55,Other,HTC Vive,24.07057775894989,3,3,HTC Vive 24.07057775894989
372,29,Male,PlayStation VR,12.250294672892547,4,2,PlayStation VR 12.250294672892547
373,51,Other,HTC Vive,18.603335954353955,8,5,HTC Vive 18.603335954353955
374,54,Female,Oculus Rift,19.098588090311985,4,3,Oculus Rift 19.098588090311985
375,44,Other,PlayStation VR,35.44942770107912,8,3,PlayStation VR 35.44942770107912
376,37,Other,Oculus Rift,30.079172154613538,2,3,Oculus Rift 30.079172154613538
377,31,Male,PlayStation VR,7.382005076652272,2,5,PlayStation VR 7.382005076652272
378,44,Other,HTC Vive,10.606699539738877,3,2,HTC Vive 10.606699539738877
379,26,Other,Oculus Rift,22.03510528592459,3,2,Oculus Rift 22.03510528592459
380,57,Female,HTC Vive,52.09396950779898,9,5,HTC Vive 52.09396950779898
381,30,Other,HTC Vive,48.531048558891406,9,1,HTC Vive 48.531048558891406
382,19,Male,PlayStation VR,6.03285795763747,8,2,PlayStation VR 6.03285795763747
383,50,Other,HTC Vive,30.59824961798285,1,2,HTC Vive 30.59824961798285
384,49,Other,Oculus Rift,30.994506510896617,1,2,Oculus Rift 30.994506510896617
385,56,Other,Oculus Rift,58.41477864427708,6,5,Oculus Rift 58.41477864427708
386,39,Other,Oculus Rift,34.30984163056331,1,3,Oculus Rift 34.30984163056331
387,28,Other,HTC Vive,9.6185141455461,7,4,HTC Vive 9.6185141455461
388,19,Male,PlayStation VR,27.11501243027914,5,5,PlayStation VR 27.11501243027914
389,30,Female,Oculus Rift,15.6150262425325,6,3,Oculus Rift 15.6150262425325
390,30,Other,PlayStation VR,11.731979546780693,9,2,PlayStation VR 11.731979546780693
391,60,Male,PlayStation VR,49.65683177500063,8,3,PlayStation VR 49.65683177500063
392,49,Other,HTC Vive,48.41229349515633,3,1,HTC Vive 48.41229349515633
393,58,Other,Oculus Rift,9.23837399602298,5,4,Oculus Rift 9.23837399602298
394,39,Male,HTC Vive,54.23742526470158,5,4,HTC Vive 54.23742526470158
395,36,Other,HTC Vive,21.35332723807066,5,2,HTC Vive 21.35332723807066
396,52,Other,PlayStation VR,50.5884032008668,9,2,PlayStation VR 50.5884032008668
397,18,Other,Oculus Rift,27.4604204581124,8,3,Oculus Rift 27.4604204581124
398,42,Female,HTC Vive,50.5352761807604,3,3,HTC Vive 50.5352761807604
399,54,Female,PlayStation VR,28.55663154128996,7,2,PlayStation VR 28.55663154128996
400,33,Male,PlayStation VR,16.915628564222338,6,2,PlayStation VR 16.915628564222338
401,40,Other,PlayStation VR,54.08714226835714,7,4,PlayStation VR 54.08714226835714
402,51,Male,PlayStation VR,5.599194603946594,10,2,PlayStation VR 5.599194603946594
403,31,Other,Oculus Rift,21.57543707848184,3,3,Oculus Rift 21.57543707848184
404,20,Female,Oculus Rift,17.418046716404387,5,2,Oculus Rift 17.418046716404387
405,33,Male,Oculus Rift,34.47676395299142,4,3,Oculus Rift 34.47676395299142
406,54,Male,PlayStation VR,35.31450833072365,7,4,PlayStation VR 35.31450833072365
407,39,Female,HTC Vive,43.310377154873,6,5,HTC Vive 43.310377154873
408,49,Male,HTC Vive,39.62869467354047,5,3,HTC Vive 39.62869467354047
409,36,Other,Oculus Rift,59.54910536372816,1,5,Oculus Rift 59.54910536372816
410,41,Other,HTC Vive,23.11917123547272,9,1,HTC Vive 23.11917123547272
411,29,Female,HTC Vive,8.652689074149418,2,1,HTC Vive 8.652689074149418
412,54,Male,PlayStation VR,37.2140508538257,6,3,PlayStation VR 37.2140508538257
413,25,Other,PlayStation VR,50.71214203033938,8,2,PlayStation VR 50.71214203033938
414,53,Male,HTC Vive,54.45543335070314,9,2,HTC Vive 54.45543335070314
415,35,Male,HTC Vive,14.677006821754311,10,5,HTC Vive 14.677006821754311
416,40,Female,PlayStation VR,58.208837229140194,2,4,PlayStation VR 58.208837229140194
417,32,Other,HTC Vive,24.66537869975883,10,5,HTC Vive 24.66537869975883
418,55,Other,HTC Vive,34.79766202564673,5,1,HTC Vive 34.79766202564673
419,56,Female,Oculus Rift,42.22298288227114,3,1,Oculus Rift 42.22298288227114
420,24,Male,PlayStation VR,11.5696782989097,4,1,PlayStation VR 11.5696782989097
421,44,Female,HTC Vive,25.45788940730463,5,1,HTC Vive 25.45788940730463
422,20,Other,HTC Vive,31.12501751187056,8,2,HTC Vive 31.12501751187056
423,51,Male,HTC Vive,41.77726992036168,1,1,HTC Vive 41.77726992036168
424,41,Female,Oculus Rift,38.957796668000825,1,2,Oculus Rift 38.957796668000825
425,53,Female,Oculus Rift,52.57013786671364,10,1,Oculus Rift 52.57013786671364
426,34,Female,Oculus Rift,26.75909436157671,6,3,Oculus Rift 26.75909436157671
427,35,Other,HTC Vive,22.48545121381752,10,1,HTC Vive 22.48545121381752
428,38,Other,Oculus Rift,53.76641208658132,1,2,Oculus Rift 53.76641208658132
429,22,Male,HTC Vive,21.980430795697007,8,1,HTC Vive 21.980430795697007
430,29,Other,Oculus Rift,36.92280883905116,8,1,Oculus Rift 36.92280883905116
431,31,Female,HTC Vive,45.62236639242961,4,2,HTC Vive 45.62236639242961
432,60,Female,HTC Vive,43.50399477845866,7,5,HTC Vive 43.50399477845866
433,42,Male,Oculus Rift,50.99953501693101,4,1,Oculus Rift 50.99953501693101
434,60,Male,Oculus Rift,43.70206629382329,7,3,Oculus Rift 43.70206629382329
435,34,Female,Oculus Rift,22.85257974855124,3,3,Oculus Rift 22.85257974855124
436,45,Other,Oculus Rift,33.117348645102915,7,4,Oculus Rift 33.117348645102915
437,42,Other,HTC Vive,12.721418447688764,7,5,HTC Vive 12.721418447688764
438,39,Female,PlayStation VR,5.163764071327553,6,5,PlayStation VR 5.163764071327553
439,38,Other,HTC Vive,36.95901871287748,9,1,HTC Vive 36.95901871287748
440,54,Female,PlayStation VR,14.252248277822114,7,1,PlayStation VR 14.252248277822114
441,27,Other,PlayStation VR,39.42891374024925,1,3,PlayStation VR 39.42891374024925
442,48,Female,PlayStation VR,22.974552084961285,9,5,PlayStation VR 22.974552084961285
443,20,Male,HTC Vive,23.915247923809456,9,5,HTC Vive 23.915247923809456
444,20,Male,HTC Vive,59.09698711460016,1,2,HTC Vive 59.09698711460016
445,39,Female,PlayStation VR,58.32677262184461,1,5,PlayStation VR 58.32677262184461
446,50,Female,HTC Vive,26.44013879408086,1,5,HTC Vive 26.44013879408086
447,25,Other,PlayStation VR,19.77392960978875,4,1,PlayStation VR 19.77392960978875
448,29,Other,PlayStation VR,12.046709693730026,3,5,PlayStation VR 12.046709693730026
449,28,Male,Oculus Rift,49.270601912367965,1,2,Oculus Rift 49.270601912367965
450,35,Other,PlayStation VR,52.24805924691774,7,2,PlayStation VR 52.24805924691774
451,35,Male,HTC Vive,40.85256497671644,5,3,HTC Vive 40.85256497671644
452,37,Male,PlayStation VR,7.135402444439338,10,4,PlayStation VR 7.135402444439338
453,30,Male,PlayStation VR,15.69397129903291,4,4,PlayStation VR 15.69397129903291
454,52,Male,Oculus Rift,7.4134787510359645,5,4,Oculus Rift 7.4134787510359645
455,57,Male,Oculus Rift,9.40275196855838,10,4,Oculus Rift 9.40275196855838
456,36,Female,PlayStation VR,31.49293159635979,10,3,PlayStation VR 31.49293159635979
457,25,Other,Oculus Rift,52.391374526938094,7,2,Oculus Rift 52.391374526938094
458,20,Other,PlayStation VR,30.16553008146641,9,5,PlayStation VR 30.16553008146641
459,32,Female,HTC Vive,30.649355976662413,2,4,HTC Vive 30.649355976662413
460,47,Female,PlayStation VR,38.72097676150919,3,4,PlayStation VR 38.72097676150919
461,24,Male,Oculus Rift,37.43861458150593,6,2,Oculus Rift 37.43861458150593
462,57,Other,HTC Vive,23.186908663945964,5,1,HTC Vive 23.186908663945964
463,41,Male,HTC Vive,23.39790323794981,9,5,HTC Vive 23.39790323794981
464,24,Male,HTC Vive,57.86829032912571,6,5,HTC Vive 57.86829032912571
465,59,Female,HTC Vive,10.5508682413277,6,1,HTC Vive 10.5508682413277
466,32,Female,HTC Vive,52.68699306923651,3,1,HTC Vive 52.68699306923651
467,43,Other,Oculus Rift,13.723242905562293,6,1,Oculus Rift 13.723242905562293
468,18,Other,PlayStation VR,10.7066999348549,8,3,PlayStation VR 10.7066999348549
469,31,Other,PlayStation VR,49.02935816297644,5,2,PlayStation VR 49.02935816297644
470,41,Other,HTC Vive,16.70995166973755,2,2,HTC Vive 16.70995166973755
471,59,Other,HTC Vive,32.203875793182675,7,3,HTC Vive 32.203875793182675
472,42,Female,Oculus Rift,42.65577711053104,6,4,Oculus Rift 42.65577711053104
473,38,Male,HTC Vive,32.40555285632888,5,5,HTC Vive 32.40555285632888
474,29,Male,HTC Vive,15.801604628215328,4,4,HTC Vive 15.801604628215328
475,50,Female,Oculus Rift,56.29719147467829,10,5,Oculus Rift 56.29719147467829
476,60,Other,PlayStation VR,25.71561900141132,7,1,PlayStation VR 25.71561900141132
477,38,Female,Oculus Rift,17.46751702187272,6,2,Oculus Rift 17.46751702187272
478,57,Female,PlayStation VR,55.70901782367548,6,1,PlayStation VR 55.70901782367548
479,52,Other,PlayStation VR,17.544149753643943,1,3,PlayStation VR 17.544149753643943
480,43,Female,HTC Vive,53.38971620816135,7,1,HTC Vive 53.38971620816135
481,37,Female,Oculus Rift,40.19700453089072,7,3,Oculus Rift 40.19700453089072
482,38,Other,Oculus Rift,53.53020642868108,1,4,Oculus Rift 53.53020642868108
483,48,Other,HTC Vive,27.031310965366185,10,2,HTC Vive 27.031310965366185
484,53,Female,Oculus Rift,27.32032534892476,2,2,Oculus Rift 27.32032534892476
485,19,Female,Oculus Rift,7.747755780219066,4,3,Oculus Rift 7.747755780219066
486,29,Male,HTC Vive,29.373737193300336,9,2,HTC Vive 29.373737193300336
487,57,Other,Oculus Rift,33.15213038695089,4,3,Oculus Rift 33.15213038695089
488,22,Female,PlayStation VR,36.94278803013131,8,2,PlayStation VR 36.94278803013131
489,50,Other,Oculus Rift,11.845012424976249,4,2,Oculus Rift 11.845012424976249
490,33,Other,HTC Vive,6.185179147892304,10,1,HTC Vive 6.185179147892304
491,38,Other,Oculus Rift,53.1764659050519,4,1,Oculus Rift 53.1764659050519
492,52,Male,Oculus Rift,58.95206972718624,6,3,Oculus Rift 58.95206972718624
493,58,Other,HTC Vive,19.45696276898077,8,5,HTC Vive 19.45696276898077
494,49,Other,PlayStation VR,9.82879787759298,10,3,PlayStation VR 9.82879787759298
495,28,Female,Oculus Rift,5.848917739651526,10,3,Oculus Rift 5.848917739651526
496,54,Other,HTC Vive,34.24172378992135,3,5,HTC Vive 34.24172378992135
497,58,Male,HTC Vive,34.201173620858874,2,4,HTC Vive 34.201173620858874
498,60,Male,HTC Vive,55.78402961090519,1,2,HTC Vive 55.78402961090519
499,42,Other,Oculus Rift,38.79869155912807,1,2,Oculus Rift 38.79869155912807
500,18,Male,PlayStation VR,57.23340399688119,6,3,PlayStation VR 57.23340399688119
501,50,Other,HTC Vive,49.84369156088872,9,1,HTC Vive 49.84369156088872
502,50,Male,PlayStation VR,18.309111728315912,3,4,PlayStation VR 18.309111728315912
503,42,Female,Oculus Rift,10.50254743512492,7,3,Oculus Rift 10.50254743512492
504,38,Other,PlayStation VR,48.50928108148384,2,1,PlayStation VR 48.50928108148384
505,25,Female,Oculus Rift,42.494988852772,3,1,Oculus Rift 42.494988852772
506,38,Female,HTC Vive,43.60593115978239,6,5,HTC Vive 43.60593115978239
507,60,Female,Oculus Rift,36.68736971877725,6,1,Oculus Rift 36.68736971877725
508,25,Female,HTC Vive,41.7465603014116,9,1,HTC Vive 41.7465603014116
509,27,Other,PlayStation VR,33.744792215534886,5,3,PlayStation VR 33.744792215534886
510,42,Male,Oculus Rift,16.05148589933894,9,3,Oculus Rift 16.05148589933894
511,22,Male,HTC Vive,42.63718284311801,3,4,HTC Vive 42.63718284311801
512,55,Female,Oculus Rift,57.706107306218094,9,2,Oculus Rift 57.706107306218094
513,26,Male,PlayStation VR,44.66138527390799,5,1,PlayStation VR 44.66138527390799
514,32,Female,Oculus Rift,5.688446846537322,9,5,Oculus Rift 5.688446846537322
515,60,Other,Oculus Rift,45.64963238011426,5,2,Oculus Rift 45.64963238011426
516,25,Female,PlayStation VR,45.60451442059673,1,1,PlayStation VR 45.60451442059673
517,34,Female,PlayStation VR,31.20112537801693,9,3,PlayStation VR 31.20112537801693
518,52,Male,HTC Vive,28.047262005816645,2,5,HTC Vive 28.047262005816645
519,44,Female,HTC Vive,11.9035718327202,1,4,HTC Vive 11.9035718327202
520,32,Other,PlayStation VR,41.47201381552562,3,3,PlayStation VR 41.47201381552562
521,26,Other,PlayStation VR,23.97032549854138,9,1,PlayStation VR 23.97032549854138
522,57,Male,Oculus Rift,10.501261437173406,4,1,Oculus Rift 10.501261437173406
523,37,Other,PlayStation VR,18.83239609777266,4,2,PlayStation VR 18.83239609777266
524,54,Female,PlayStation VR,50.75314894900495,7,5,PlayStation VR 50.75314894900495
525,26,Male,HTC Vive,21.9653842733078,7,5,HTC Vive 21.9653842733078
526,33,Male,HTC Vive,35.454338159733766,8,2,HTC Vive 35.454338159733766
527,32,Female,HTC Vive,12.288126305696409,9,1,HTC Vive 12.288126305696409
528,44,Male,HTC Vive,36.5606921513842,10,1,HTC Vive 36.5606921513842
529,44,Female,HTC Vive,33.364638892868975,2,5,HTC Vive 33.364638892868975
530,42,Other,HTC Vive,9.303148487334315,10,2,HTC Vive 9.303148487334315
531,29,Male,PlayStation VR,51.25875060566747,6,2,PlayStation VR 51.25875060566747
532,30,Other,HTC Vive,30.494230305539787,9,3,HTC Vive 30.494230305539787
533,28,Male,PlayStation VR,12.684139504445838,2,1,PlayStation VR 12.684139504445838
534,49,Male,HTC Vive,24.60764013123212,10,3,HTC Vive 24.60764013123212
535,60,Other,PlayStation VR,22.416754663373982,8,1,PlayStation VR 22.416754663373982
536,21,Male,PlayStation VR,8.504160590231482,10,1,PlayStation VR 8.504160590231482
537,29,Male,Oculus Rift,34.98194639923249,6,4,Oculus Rift 34.98194639923249
538,49,Male,Oculus Rift,27.80817256927725,7,5,Oculus Rift 27.80817256927725
539,57,Female,PlayStation VR,18.73757153478873,3,1,PlayStation VR 18.73757153478873
540,43,Other,Oculus Rift,42.6273762261558,8,5,Oculus Rift 42.6273762261558
541,28,Female,PlayStation VR,18.722275397387243,4,2,PlayStation VR 18.722275397387243
542,26,Male,PlayStation VR,34.75027787029785,8,5,PlayStation VR 34.75027787029785
543,59,Male,HTC Vive,33.44925024129313,10,4,HTC Vive 33.44925024129313
544,58,Female,PlayStation VR,58.39915838299434,4,1,PlayStation VR 58.39915838299434
545,30,Female,PlayStation VR,53.36696271956143,2,4,PlayStation VR 53.36696271956143
546,53,Female,HTC Vive,47.664316000635246,5,5,HTC Vive 47.664316000635246
547,28,Other,PlayStation VR,26.043711906704125,5,4,PlayStation VR 26.043711906704125
548,29,Other,PlayStation VR,44.80004888491524,6,4,PlayStation VR 44.80004888491524
549,36,Other,HTC Vive,36.44100791913753,6,5,HTC Vive 36.44100791913753
550,58,Female,HTC Vive,37.88778605328071,10,1,HTC Vive 37.88778605328071
551,48,Other,HTC Vive,22.926541905531497,6,1,HTC Vive 22.926541905531497
552,19,Female,HTC Vive,34.692727597518214,3,3,HTC Vive 34.692727597518214
553,23,Male,Oculus Rift,53.1982605367951,6,3,Oculus Rift 53.1982605367951
554,44,Female,PlayStation VR,15.103032340615597,6,5,PlayStation VR 15.103032340615597
555,48,Male,HTC Vive,38.49464822347085,9,3,HTC Vive 38.49464822347085
556,31,Male,PlayStation VR,36.83491229227046,3,5,PlayStation VR 36.83491229227046
557,31,Other,PlayStation VR,37.23665824110093,8,5,PlayStation VR 37.23665824110093
558,55,Male,PlayStation VR,8.012024009042996,1,3,PlayStation VR 8.012024009042996
559,34,Male,HTC Vive,28.512030834747787,4,5,HTC Vive 28.512030834747787
560,42,Female,PlayStation VR,30.579698026517484,8,1,PlayStation VR 30.579698026517484
561,28,Male,Oculus Rift,16.04471979771308,8,4,Oculus Rift 16.04471979771308
562,36,Female,HTC Vive,48.96573340894319,7,1,HTC Vive 48.96573340894319
563,48,Other,HTC Vive,16.974480917731398,5,5,HTC Vive 16.974480917731398
564,40,Female,PlayStation VR,55.24360659786094,3,1,PlayStation VR 55.24360659786094
565,24,Female,PlayStation VR,21.689779833688213,10,4,PlayStation VR 21.689779833688213
566,40,Female,Oculus Rift,46.59247069727773,3,2,Oculus Rift 46.59247069727773
567,25,Other,PlayStation VR,12.933831940238656,4,5,PlayStation VR 12.933831940238656
568,42,Female,PlayStation VR,34.55915136468116,6,1,PlayStation VR 34.55915136468116
569,48,Other,HTC Vive,26.90285914694119,5,1,HTC Vive 26.90285914694119
570,40,Male,Oculus Rift,17.149749012004854,6,3,Oculus Rift 17.149749012004854
571,53,Female,PlayStation VR,46.75219748028837,8,4,PlayStation VR 46.75219748028837
572,46,Female,PlayStation VR,39.10042755111779,6,1,PlayStation VR 39.10042755111779
573,19,Other,Oculus Rift,17.47833781125081,8,2,Oculus Rift 17.47833781125081
574,30,Male,PlayStation VR,44.10131762556916,4,2,PlayStation VR 44.10131762556916
575,51,Female,Oculus Rift,57.87344925243527,4,1,Oculus Rift 57.87344925243527
576,23,Other,Oculus Rift,16.502495916490048,3,3,Oculus Rift 16.502495916490048
577,55,Male,PlayStation VR,21.387211709492355,3,2,PlayStation VR 21.387211709492355
578,33,Male,PlayStation VR,10.216770340326796,2,5,PlayStation VR 10.216770340326796
579,55,Female,Oculus Rift,52.87449814878326,8,2,Oculus Rift 52.87449814878326
580,30,Male,Oculus Rift,24.9125058092033,7,4,Oculus Rift 24.9125058092033
581,51,Other,HTC Vive,54.01924096458123,10,1,HTC Vive 54.01924096458123
582,48,Male,Oculus Rift,55.937540899470726,8,4,Oculus Rift 55.937540899470726
583,54,Male,HTC Vive,58.01025867986007,4,2,HTC Vive 58.01025867986007
584,58,Female,Oculus Rift,54.28276718530552,1,2,Oculus Rift 54.28276718530552
585,39,Male,PlayStation VR,13.41887335574125,8,3,PlayStation VR 13.41887335574125
586,41,Female,HTC Vive,6.962830052559451,1,2,HTC Vive 6.962830052559451
587,39,Other,PlayStation VR,54.75156167225309,7,5,PlayStation VR 54.75156167225309
588,46,Other,HTC Vive,34.12924163324023,6,3,HTC Vive 34.12924163324023
589,18,Female,PlayStation VR,25.16181411657121,1,3,PlayStation VR 25.16181411657121
590,27,Other,Oculus Rift,44.86705684730615,6,4,Oculus Rift 44.86705684730615
591,36,Female,HTC Vive,24.392790648864608,5,4,HTC Vive 24.392790648864608
592,19,Male,PlayStation VR,41.78188900565985,5,5,PlayStation VR 41.78188900565985
593,43,Male,Oculus Rift,35.187461340664825,6,1,Oculus Rift 35.187461340664825
594,45,Other,HTC Vive,51.32976152033825,2,3,HTC Vive 51.32976152033825
595,35,Female,Oculus Rift,42.60696320870584,7,3,Oculus Rift 42.60696320870584
596,20,Other,HTC Vive,11.745599606089506,2,2,HTC Vive 11.745599606089506
597,60,Female,PlayStation VR,41.39187594766449,2,3,PlayStation VR 41.39187594766449
598,57,Other,HTC Vive,48.85952836414941,8,4,HTC Vive 48.85952836414941
599,52,Male,Oculus Rift,33.35019490492515,8,2,Oculus Rift 33.35019490492515
600,45,Female,HTC Vive,23.069034792614797,10,4,HTC Vive 23.069034792614797
601,41,Male,Oculus Rift,8.044430774492342,2,4,Oculus Rift 8.044430774492342
602,35,Male,PlayStation VR,48.72427132868937,3,4,PlayStation VR 48.72427132868937
603,32,Female,HTC Vive,46.04617694006525,2,3,HTC Vive 46.04617694006525
604,33,Other,Oculus Rift,54.32484720978879,7,3,Oculus Rift 54.32484720978879
605,34,Female,PlayStation VR,33.02848280763308,4,5,PlayStation VR 33.02848280763308
606,50,Other,Oculus Rift,26.546275202960697,1,3,Oculus Rift 26.546275202960697
607,49,Male,HTC Vive,48.53555230151351,2,5,HTC Vive 48.53555230151351
608,33,Female,HTC Vive,10.263674320455564,6,2,HTC Vive 10.263674320455564
609,45,Female,PlayStation VR,42.483001945135946,1,3,PlayStation VR 42.483001945135946
610,36,Female,HTC Vive,41.73645312653856,5,3,HTC Vive 41.73645312653856
611,59,Female,HTC Vive,32.56129734385547,6,2,HTC Vive 32.56129734385547
612,51,Other,PlayStation VR,10.618921132805315,5,5,PlayStation VR 10.618921132805315
613,40,Female,HTC Vive,37.0421604518534,10,5,HTC Vive 37.0421604518534
614,41,Male,Oculus Rift,51.55302668368741,2,5,Oculus Rift 51.55302668368741
615,32,Male,HTC Vive,42.410656566429125,1,2,HTC Vive 42.410656566429125
616,47,Male,HTC Vive,57.73263640270221,3,3,HTC Vive 57.73263640270221
617,18,Male,Oculus Rift,55.58435719197885,6,4,Oculus Rift 55.58435719197885
618,32,Female,PlayStation VR,21.124869848245464,3,5,PlayStation VR 21.124869848245464
619,38,Female,HTC Vive,41.70899276765398,2,3,HTC Vive 41.70899276765398
620,59,Female,HTC Vive,30.55975163736096,4,5,HTC Vive 30.55975163736096
621,28,Female,Oculus Rift,36.22880345076784,5,4,Oculus Rift 36.22880345076784
622,46,Male,Oculus Rift,42.11852585802312,1,1,Oculus Rift 42.11852585802312
623,18,Male,PlayStation VR,58.33148979764022,7,3,PlayStation VR 58.33148979764022
624,45,Other,Oculus Rift,52.30967111610265,5,2,Oculus Rift 52.30967111610265
625,30,Male,Oculus Rift,22.830760220530625,5,1,Oculus Rift 22.830760220530625
626,32,Female,HTC Vive,28.428542022365,4,4,HTC Vive 28.428542022365
627,36,Other,HTC Vive,47.01598919858073,9,3,HTC Vive 47.01598919858073
628,28,Female,PlayStation VR,8.493372830193099,2,2,PlayStation VR 8.493372830193099
629,58,Female,HTC Vive,39.64317589944204,1,3,HTC Vive 39.64317589944204
630,37,Male,Oculus Rift,34.18610776249563,7,4,Oculus Rift 34.18610776249563
631,40,Female,Oculus Rift,56.380501753063584,4,5,Oculus Rift 56.380501753063584
632,29,Female,HTC Vive,27.62981512433108,6,3,HTC Vive 27.62981512433108
633,52,Other,PlayStation VR,16.463022606327808,1,1,PlayStation VR 16.463022606327808
634,52,Female,Oculus Rift,57.32490631004018,6,3,Oculus Rift 57.32490631004018
635,23,Female,HTC Vive,39.20571936527118,7,5,HTC Vive 39.20571936527118
636,29,Female,Oculus Rift,25.124815078136884,2,5,Oculus Rift 25.124815078136884
637,34,Other,Oculus Rift,38.57336750555505,10,1,Oculus Rift 38.57336750555505
638,56,Male,Oculus Rift,51.55099937858569,2,4,Oculus Rift 51.55099937858569
639,58,Other,PlayStation VR,43.48443861208782,3,2,PlayStation VR 43.48443861208782
640,31,Female,PlayStation VR,28.105117843373765,7,5,PlayStation VR 28.105117843373765
641,40,Other,HTC Vive,59.8576159142642,8,5,HTC Vive 59.8576159142642
642,19,Male,PlayStation VR,5.219837804099125,7,5,PlayStation VR 5.219837804099125
643,35,Male,Oculus Rift,16.050282981394346,10,4,Oculus Rift 16.050282981394346
644,51,Female,Oculus Rift,42.90214638775936,2,4,Oculus Rift 42.90214638775936
645,21,Male,Oculus Rift,9.140250295862256,10,5,Oculus Rift 9.140250295862256
646,44,Other,Oculus Rift,19.69929837574285,3,4,Oculus Rift 19.69929837574285
647,54,Other,Oculus Rift,44.89274006361748,1,5,Oculus Rift 44.89274006361748
648,27,Other,Oculus Rift,38.04413203148387,2,5,Oculus Rift 38.04413203148387
649,52,Female,HTC Vive,35.6094001573879,1,4,HTC Vive 35.6094001573879
650,27,Female,Oculus Rift,55.931956960060624,2,2,Oculus Rift 55.931956960060624
651,42,Other,PlayStation VR,37.03047060631263,10,2,PlayStation VR 37.03047060631263
652,31,Male,Oculus Rift,6.479924880620631,7,5,Oculus Rift 6.479924880620631
653,53,Male,PlayStation VR,21.22307998211628,3,2,PlayStation VR 21.22307998211628
654,24,Male,Oculus Rift,24.666719953301453,5,3,Oculus Rift 24.666719953301453
655,50,Male,Oculus Rift,50.27259281347032,9,1,Oculus Rift 50.27259281347032
656,53,Male,Oculus Rift,49.10237486164205,3,4,Oculus Rift 49.10237486164205
657,27,Other,PlayStation VR,45.00657113813336,10,1,PlayStation VR 45.00657113813336
658,48,Other,Oculus Rift,10.546970174967347,3,3,Oculus Rift 10.546970174967347
659,53,Other,HTC Vive,17.7474608383596,1,5,HTC Vive 17.7474608383596
660,48,Other,HTC Vive,44.41986249545169,4,2,HTC Vive 44.41986249545169
661,46,Female,HTC Vive,53.64220141888208,7,3,HTC Vive 53.64220141888208
662,22,Other,PlayStation VR,30.342995245186867,1,5,PlayStation VR 30.342995245186867
663,26,Male,HTC Vive,25.23905541683094,2,2,HTC Vive 25.23905541683094
664,32,Female,HTC Vive,18.03083386937801,5,3,HTC Vive 18.03083386937801
665,58,Female,HTC Vive,37.37858302476261,6,4,HTC Vive 37.37858302476261
666,37,Male,Oculus Rift,55.36905244864578,6,3,Oculus Rift 55.36905244864578
667,29,Other,Oculus Rift,31.981222915525336,3,2,Oculus Rift 31.981222915525336
668,44,Male,PlayStation VR,19.817688967090334,8,5,PlayStation VR 19.817688967090334
669,55,Male,HTC Vive,23.066119539392965,3,5,HTC Vive 23.066119539392965
670,25,Female,HTC Vive,6.081832677450166,7,5,HTC Vive 6.081832677450166
671,50,Other,PlayStation VR,11.239483065409884,2,1,PlayStation VR 11.239483065409884
672,24,Female,HTC Vive,12.64625436450254,6,3,HTC Vive 12.64625436450254
673,58,Female,Oculus Rift,13.39727975985056,1,1,Oculus Rift 13.39727975985056
674,25,Male,PlayStation VR,23.7218184095795,7,3,PlayStation VR 23.7218184095795
675,58,Male,Oculus Rift,26.95120548280868,2,3,Oculus Rift 26.95120548280868
676,29,Female,HTC Vive,59.71952888283962,1,4,HTC Vive 59.71952888283962
677,41,Female,Oculus Rift,45.40793779761309,2,3,Oculus Rift 45.40793779761309
678,30,Male,PlayStation VR,15.013686975657151,1,2,PlayStation VR 15.013686975657151
679,32,Male,PlayStation VR,25.466003708578064,2,2,PlayStation VR 25.466003708578064
680,49,Other,HTC Vive,46.87419751347634,7,4,HTC Vive 46.87419751347634
681,39,Male,Oculus Rift,11.899401553863292,2,2,Oculus Rift 11.899401553863292
682,27,Other,Oculus Rift,47.655706119989205,3,4,Oculus Rift 47.655706119989205
683,28,Male,Oculus Rift,26.629400687005727,7,2,Oculus Rift 26.629400687005727
684,33,Other,PlayStation VR,46.82179978861591,10,5,PlayStation VR 46.82179978861591
685,37,Female,PlayStation VR,18.14745800598988,4,3,PlayStation VR 18.14745800598988
686,37,Female,HTC Vive,31.536595765716683,1,4,HTC Vive 31.536595765716683
687,23,Female,HTC Vive,45.93119525871663,10,1,HTC Vive 45.93119525871663
688,54,Female,Oculus Rift,9.019456836958955,9,2,Oculus Rift 9.019456836958955
689,23,Female,HTC Vive,5.039438805707397,5,4,HTC Vive 5.039438805707397
690,45,Male,HTC Vive,14.489483841484263,8,4,HTC Vive 14.489483841484263
691,54,Other,PlayStation VR,21.874338608764496,5,5,PlayStation VR 21.874338608764496
692,46,Female,HTC Vive,36.48275067208276,5,1,HTC Vive 36.48275067208276
693,30,Male,HTC Vive,6.7836922222787965,4,5,HTC Vive 6.7836922222787965
694,49,Male,Oculus Rift,36.20929133159622,3,5,Oculus Rift 36.20929133159622
695,50,Male,HTC Vive,13.056103170747452,9,2,HTC Vive 13.056103170747452
696,47,Female,HTC Vive,27.91076449515181,10,2,HTC Vive 27.91076449515181
697,57,Female,HTC Vive,15.847323967748808,4,3,HTC Vive 15.847323967748808
698,37,Male,HTC Vive,25.19058919950361,5,3,HTC Vive 25.19058919950361
699,23,Male,Oculus Rift,56.427294219676725,8,3,Oculus Rift 56.427294219676725
700,50,Male,Oculus Rift,34.902477754337866,6,4,Oculus Rift 34.902477754337866
701,43,Female,HTC Vive,6.4094825595580005,7,4,HTC Vive 6.4094825595580005
702,45,Other,PlayStation VR,11.706533158236574,5,1,PlayStation VR 11.706533158236574
703,49,Male,HTC Vive,16.798521094778177,8,4,HTC Vive 16.798521094778177
704,45,Male,Oculus Rift,24.624543808207555,1,2,Oculus Rift 24.624543808207555
705,21,Male,PlayStation VR,16.32199422803552,10,1,PlayStation VR 16.32199422803552
706,50,Other,PlayStation VR,35.12844489277899,9,4,PlayStation VR 35.12844489277899
707,38,Male,Oculus Rift,36.35503864867013,6,3,Oculus Rift 36.35503864867013
708,55,Other,PlayStation VR,38.89841047963253,9,4,PlayStation VR 38.89841047963253
709,54,Female,Oculus Rift,29.170732501347214,7,1,Oculus Rift 29.170732501347214
710,51,Female,Oculus Rift,26.365841093134485,2,5,Oculus Rift 26.365841093134485
711,49,Female,HTC Vive,45.197202896537846,4,4,HTC Vive 45.197202896537846
712,38,Female,PlayStation VR,39.38433531605615,6,1,PlayStation VR 39.38433531605615
713,40,Male,Oculus Rift,11.585627769049822,6,4,Oculus Rift 11.585627769049822
714,44,Female,PlayStation VR,5.737699957485518,3,1,PlayStation VR 5.737699957485518
715,24,Male,HTC Vive,54.2109754934813,2,4,HTC Vive 54.2109754934813
716,59,Female,HTC Vive,12.7516099355708,3,1,HTC Vive 12.7516099355708
717,25,Other,Oculus Rift,53.03225833613758,7,5,Oculus Rift 53.03225833613758
718,18,Female,PlayStation VR,26.34236175179001,10,4,PlayStation VR 26.34236175179001
719,29,Male,Oculus Rift,5.095207217475991,7,1,Oculus Rift 5.095207217475991
720,60,Female,HTC Vive,38.59325931148134,2,2,HTC Vive 38.59325931148134
721,29,Female,Oculus Rift,29.439462062378677,9,3,Oculus Rift 29.439462062378677
722,49,Male,Oculus Rift,52.80794780457271,2,1,Oculus Rift 52.80794780457271
723,35,Male,HTC Vive,50.31099964377242,3,1,HTC Vive 50.31099964377242
724,39,Male,HTC Vive,23.54462436907469,6,1,HTC Vive 23.54462436907469
725,53,Other,PlayStation VR,38.19319332508849,6,5,PlayStation VR 38.19319332508849
726,19,Female,HTC Vive,20.274322373201933,3,3,HTC Vive 20.274322373201933
727,32,Male,Oculus Rift,30.9495916299999,7,4,Oculus Rift 30.9495916299999
728,38,Female,Oculus Rift,11.487553848136937,2,2,Oculus Rift 11.487553848136937
729,28,Other,Oculus Rift,9.242199798941956,1,1,Oculus Rift 9.242199798941956
730,50,Other,HTC Vive,34.666029342681654,9,2,HTC Vive 34.666029342681654
731,49,Male,HTC Vive,30.724285115663864,3,3,HTC Vive 30.724285115663864
732,53,Male,Oculus Rift,22.71738012559056,5,1,Oculus Rift 22.71738012559056
733,52,Other,PlayStation VR,47.88163974954135,9,3,PlayStation VR 47.88163974954135
734,33,Other,HTC Vive,31.26440053317776,2,5,HTC Vive 31.26440053317776
735,48,Other,Oculus Rift,14.756046591666488,7,3,Oculus Rift 14.756046591666488
736,42,Female,PlayStation VR,38.40969858667232,3,5,PlayStation VR 38.40969858667232
737,45,Male,Oculus Rift,54.81618349561653,8,1,Oculus Rift 54.81618349561653
738,31,Other,Oculus Rift,16.71759455795796,1,1,Oculus Rift 16.71759455795796
739,24,Other,HTC Vive,46.43066543496385,3,4,HTC Vive 46.43066543496385
740,47,Male,PlayStation VR,31.09683909291928,5,4,PlayStation VR 31.09683909291928
741,58,Male,PlayStation VR,16.051044829860125,10,5,PlayStation VR 16.051044829860125
742,28,Other,Oculus Rift,28.903363062636732,2,3,Oculus Rift 28.903363062636732
743,55,Male,PlayStation VR,14.938695868253593,10,2,PlayStation VR 14.938695868253593
744,58,Female,PlayStation VR,25.47547637783905,3,4,PlayStation VR 25.47547637783905
745,23,Female,Oculus Rift,56.467013884760526,3,3,Oculus Rift 56.467013884760526
746,59,Other,Oculus Rift,50.28114703846324,2,1,Oculus Rift 50.28114703846324
747,36,Female,HTC Vive,31.672668345910576,2,3,HTC Vive 31.672668345910576
748,48,Other,PlayStation VR,43.75489463288841,3,1,PlayStation VR 43.75489463288841
749,60,Male,HTC Vive,25.54964062363318,8,4,HTC Vive 25.54964062363318
750,43,Other,HTC Vive,10.654559468172042,1,1,HTC Vive 10.654559468172042
751,44,Other,PlayStation VR,48.69645073835462,9,3,PlayStation VR 48.69645073835462
752,31,Male,PlayStation VR,44.91494892982531,5,1,PlayStation VR 44.91494892982531
753,37,Male,HTC Vive,34.62324038965988,9,5,HTC Vive 34.62324038965988
754,23,Other,HTC Vive,33.643709090067986,2,5,HTC Vive 33.643709090067986
755,59,Other,Oculus Rift,15.535579923929165,2,4,Oculus Rift 15.535579923929165
756,55,Male,Oculus Rift,47.62816329505712,1,4,Oculus Rift 47.62816329505712
757,51,Other,Oculus Rift,51.585540446410384,1,5,Oculus Rift 51.585540446410384
758,19,Other,PlayStation VR,34.319272750062225,9,4,PlayStation VR 34.319272750062225
759,39,Other,HTC Vive,54.45520146139425,8,1,HTC Vive 54.45520146139425
760,32,Female,HTC Vive,54.69087972402883,7,3,HTC Vive 54.69087972402883
761,47,Male,Oculus Rift,25.80727162646147,8,2,Oculus Rift 25.80727162646147
762,53,Other,PlayStation VR,8.945796841032756,1,1,PlayStation VR 8.945796841032756
763,59,Male,Oculus Rift,11.959517211960913,7,4,Oculus Rift 11.959517211960913
764,36,Female,HTC Vive,18.25054174947629,7,4,HTC Vive 18.25054174947629
765,28,Male,HTC Vive,26.85863482373408,10,1,HTC Vive 26.85863482373408
766,52,Male,HTC Vive,54.64953293927952,10,5,HTC Vive 54.64953293927952
767,42,Female,Oculus Rift,13.804643256546468,10,2,Oculus Rift 13.804643256546468
768,50,Male,Oculus Rift,55.80935462576278,8,2,Oculus Rift 55.80935462576278
769,23,Male,HTC Vive,35.16299024845792,1,4,HTC Vive 35.16299024845792
770,50,Other,Oculus Rift,47.90829753859212,9,4,Oculus Rift 47.90829753859212
771,33,Other,Oculus Rift,16.75875686163608,1,2,Oculus Rift 16.75875686163608
772,29,Male,PlayStation VR,54.05114151100388,4,4,PlayStation VR 54.05114151100388
773,46,Male,HTC Vive,37.21547102544684,1,2,HTC Vive 37.21547102544684
774,31,Female,HTC Vive,54.21627997347428,6,3,HTC Vive 54.21627997347428
775,33,Female,HTC Vive,5.865298057855172,2,1,HTC Vive 5.865298057855172
776,23,Male,Oculus Rift,10.16757402590374,3,1,Oculus Rift 10.16757402590374
777,38,Male,HTC Vive,27.78412253115925,5,4,HTC Vive 27.78412253115925
778,60,Other,HTC Vive,54.03412166089942,2,4,HTC Vive 54.03412166089942
779,30,Female,PlayStation VR,28.98755114691092,7,1,PlayStation VR 28.98755114691092
780,47,Other,PlayStation VR,30.84382447680933,7,4,PlayStation VR 30.84382447680933
781,49,Other,PlayStation VR,38.73799515838349,6,5,PlayStation VR 38.73799515838349
782,42,Other,Oculus Rift,14.81768442312478,9,4,Oculus Rift 14.81768442312478
783,57,Female,Oculus Rift,32.48138297083446,1,5,Oculus Rift 32.48138297083446
784,23,Male,HTC Vive,43.871396451895,7,5,HTC Vive 43.871396451895
785,46,Other,PlayStation VR,26.69763090954978,4,2,PlayStation VR 26.69763090954978
786,26,Female,PlayStation VR,16.27220908891317,2,5,PlayStation VR 16.27220908891317
787,38,Male,PlayStation VR,55.872436102094966,9,4,PlayStation VR 55.872436102094966
788,53,Male,HTC Vive,42.25958023806289,2,5,HTC Vive 42.25958023806289
789,39,Male,HTC Vive,42.06610899468763,2,2,HTC Vive 42.06610899468763
790,47,Female,Oculus Rift,42.108723155036586,5,4,Oculus Rift 42.108723155036586
791,32,Male,HTC Vive,57.20290216977595,5,4,HTC Vive 57.20290216977595
792,19,Other,HTC Vive,52.61699853241235,6,5,HTC Vive 52.61699853241235
793,52,Male,PlayStation VR,28.81920561511765,5,4,PlayStation VR 28.81920561511765
794,22,Male,Oculus Rift,12.011667928116626,10,4,Oculus Rift 12.011667928116626
795,47,Male,Oculus Rift,9.58869266039084,8,4,Oculus Rift 9.58869266039084
796,49,Other,Oculus Rift,27.631697675729928,1,1,Oculus Rift 27.631697675729928
797,54,Male,Oculus Rift,41.57645098973581,5,3,Oculus Rift 41.57645098973581
798,33,Female,Oculus Rift,11.353006273508644,1,2,Oculus Rift 11.353006273508644
799,48,Other,PlayStation VR,14.959431882035116,4,3,PlayStation VR 14.959431882035116
800,37,Male,PlayStation VR,31.07831721468736,1,5,PlayStation VR 31.07831721468736
801,54,Female,PlayStation VR,38.38103717890463,6,2,PlayStation VR 38.38103717890463
802,60,Other,PlayStation VR,10.058561519332027,8,1,PlayStation VR 10.058561519332027
803,28,Male,Oculus Rift,44.77257086554777,8,4,Oculus Rift 44.77257086554777
804,51,Other,PlayStation VR,44.95491941233537,4,4,PlayStation VR 44.95491941233537
805,53,Female,Oculus Rift,15.814265692749164,7,5,Oculus Rift 15.814265692749164
806,30,Male,Oculus Rift,29.121368227992622,10,1,Oculus Rift 29.121368227992622
807,49,Other,HTC Vive,37.01234013496662,10,2,HTC Vive 37.01234013496662
808,38,Other,HTC Vive,45.92049699934571,2,3,HTC Vive 45.92049699934571
809,45,Other,Oculus Rift,59.773383346392855,7,3,Oculus Rift 59.773383346392855
810,53,Male,HTC Vive,18.23882186238188,6,4,HTC Vive 18.23882186238188
811,28,Male,HTC Vive,41.20527161035817,1,3,HTC Vive 41.20527161035817
812,37,Other,PlayStation VR,32.27943925397009,8,2,PlayStation VR 32.27943925397009
813,23,Other,PlayStation VR,5.892418424638253,8,2,PlayStation VR 5.892418424638253
814,53,Other,HTC Vive,15.143709988437523,9,2,HTC Vive 15.143709988437523
815,28,Male,Oculus Rift,51.10268891925804,7,5,Oculus Rift 51.10268891925804
816,28,Other,HTC Vive,6.2570149622496976,2,3,HTC Vive 6.2570149622496976
817,31,Male,PlayStation VR,6.365491875051955,7,2,PlayStation VR 6.365491875051955
818,43,Male,HTC Vive,31.35351416365528,3,3,HTC Vive 31.35351416365528
819,46,Female,Oculus Rift,39.760231559369146,6,5,Oculus Rift 39.760231559369146
820,49,Other,HTC Vive,43.37997566894754,3,5,HTC Vive 43.37997566894754
821,20,Female,PlayStation VR,13.87761533202448,10,2,PlayStation VR 13.87761533202448
822,24,Male,HTC Vive,57.17591969561968,2,1,HTC Vive 57.17591969561968
823,35,Other,PlayStation VR,41.84235598123596,9,2,PlayStation VR 41.84235598123596
824,55,Male,Oculus Rift,12.460526535599184,7,1,Oculus Rift 12.460526535599184
825,32,Female,HTC Vive,53.15347552600433,4,5,HTC Vive 53.15347552600433
826,26,Other,PlayStation VR,21.57834612169537,3,1,PlayStation VR 21.57834612169537
827,52,Male,HTC Vive,33.76357883903627,8,5,HTC Vive 33.76357883903627
828,40,Female,PlayStation VR,58.61393691137707,7,5,PlayStation VR 58.61393691137707
829,26,Male,Oculus Rift,9.838312703680236,4,1,Oculus Rift 9.838312703680236
830,22,Other,HTC Vive,19.644701499358117,8,5,HTC Vive 19.644701499358117
831,28,Male,PlayStation VR,11.101424867685653,2,1,PlayStation VR 11.101424867685653
832,53,Male,HTC Vive,42.7068130072653,6,1,HTC Vive 42.7068130072653
833,55,Male,HTC Vive,56.17197529111933,7,4,HTC Vive 56.17197529111933
834,39,Female,PlayStation VR,9.934888667595402,5,1,PlayStation VR 9.934888667595402
835,43,Male,PlayStation VR,12.674107060433776,8,2,PlayStation VR 12.674107060433776
836,54,Female,PlayStation VR,33.110432070709464,6,5,PlayStation VR 33.110432070709464
837,29,Other,PlayStation VR,7.658293213550948,6,5,PlayStation VR 7.658293213550948
838,24,Male,HTC Vive,42.09664646437699,2,4,HTC Vive 42.09664646437699
839,40,Female,PlayStation VR,30.12797421766197,8,2,PlayStation VR 30.12797421766197
840,35,Female,PlayStation VR,30.930549393067828,5,4,PlayStation VR 30.930549393067828
841,40,Female,PlayStation VR,51.51402965173083,6,2,PlayStation VR 51.51402965173083
842,38,Female,PlayStation VR,19.45548344217753,6,1,PlayStation VR 19.45548344217753
843,33,Female,PlayStation VR,27.58147026975813,4,5,PlayStation VR 27.58147026975813
844,26,Female,PlayStation VR,58.05334619608593,5,2,PlayStation VR 58.05334619608593
845,33,Female,Oculus Rift,37.78776335484497,10,4,Oculus Rift 37.78776335484497
846,22,Male,PlayStation VR,6.76649243564666,6,3,PlayStation VR 6.76649243564666
847,48,Male,HTC Vive,23.095198269361227,7,4,HTC Vive 23.095198269361227
848,45,Female,Oculus Rift,8.505194659407456,5,5,Oculus Rift 8.505194659407456
849,25,Female,HTC Vive,49.48069840999216,2,4,HTC Vive 49.48069840999216
850,59,Other,Oculus Rift,46.1634386876697,9,1,Oculus Rift 46.1634386876697
851,55,Male,Oculus Rift,9.855320378642702,6,1,Oculus Rift 9.855320378642702
852,21,Other,PlayStation VR,50.33517167298101,9,4,PlayStation VR 50.33517167298101
853,49,Female,Oculus Rift,29.95667666924994,7,2,Oculus Rift 29.95667666924994
854,54,Other,Oculus Rift,54.64646665915903,5,5,Oculus Rift 54.64646665915903
855,37,Female,PlayStation VR,12.15971193674633,3,4,PlayStation VR 12.15971193674633
856,30,Female,PlayStation VR,50.34654297290388,5,3,PlayStation VR 50.34654297290388
857,26,Male,HTC Vive,8.613690613925261,7,1,HTC Vive 8.613690613925261
858,21,Female,PlayStation VR,41.15652513252572,10,5,PlayStation VR 41.15652513252572
859,38,Male,Oculus Rift,28.644257237589464,10,3,Oculus Rift 28.644257237589464
860,27,Female,PlayStation VR,6.64642380053442,1,4,PlayStation VR 6.64642380053442
861,19,Other,PlayStation VR,36.0788813529565,5,2,PlayStation VR 36.0788813529565
862,57,Other,Oculus Rift,6.131606262057487,5,3,Oculus Rift 6.131606262057487
863,30,Male,Oculus Rift,35.860894900942895,3,1,Oculus Rift 35.860894900942895
864,37,Male,HTC Vive,9.293954288307845,3,4,HTC Vive 9.293954288307845
865,26,Other,HTC Vive,47.592243946077055,9,5,HTC Vive 47.592243946077055
866,53,Female,PlayStation VR,42.611405713884274,2,4,PlayStation VR 42.611405713884274
867,39,Female,Oculus Rift,42.27400867572828,9,2,Oculus Rift 42.27400867572828
868,21,Other,Oculus Rift,53.44002976188403,7,4,Oculus Rift 53.44002976188403
869,50,Female,PlayStation VR,57.409111032425926,1,3,PlayStation VR 57.409111032425926
870,51,Male,Oculus Rift,43.93781283336041,5,5,Oculus Rift 43.93781283336041
871,45,Other,HTC Vive,9.39048775700474,8,2,HTC Vive 9.39048775700474
872,57,Other,PlayStation VR,8.831795224690993,3,5,PlayStation VR 8.831795224690993
873,22,Female,Oculus Rift,58.92898362914252,3,5,Oculus Rift 58.92898362914252
874,59,Other,HTC Vive,53.211507380632376,9,1,HTC Vive 53.211507380632376
875,31,Female,HTC Vive,38.2832203869517,1,3,HTC Vive 38.2832203869517
876,19,Other,HTC Vive,31.44211636797392,1,2,HTC Vive 31.44211636797392
877,35,Other,HTC Vive,47.28440448467602,9,5,HTC Vive 47.28440448467602
878,50,Male,Oculus Rift,52.35743980503398,7,4,Oculus Rift 52.35743980503398
879,40,Male,Oculus Rift,30.19667267254472,3,4,Oculus Rift 30.19667267254472
880,44,Other,Oculus Rift,31.714694809395134,2,4,Oculus Rift 31.714694809395134
881,43,Other,PlayStation VR,5.523328155104489,5,1,PlayStation VR 5.523328155104489
882,53,Other,Oculus Rift,14.877004217452413,4,5,Oculus Rift 14.877004217452413
883,27,Other,HTC Vive,37.575292192128266,9,2,HTC Vive 37.575292192128266
884,53,Other,PlayStation VR,52.732601347152894,2,5,PlayStation VR 52.732601347152894
885,48,Female,Oculus Rift,41.5121867144163,3,3,Oculus Rift 41.5121867144163
886,44,Other,PlayStation VR,56.697249463468125,9,5,PlayStation VR 56.697249463468125
887,28,Female,Oculus Rift,37.983926143207846,6,3,Oculus Rift 37.983926143207846
888,19,Other,PlayStation VR,17.966732876411093,8,1,PlayStation VR 17.966732876411093
889,33,Male,HTC Vive,13.499387458126936,2,2,HTC Vive 13.499387458126936
890,36,Other,HTC Vive,40.95316787506598,8,1,HTC Vive 40.95316787506598
891,22,Other,HTC Vive,18.301404193181117,9,2,HTC Vive 18.301404193181117
892,57,Male,Oculus Rift,29.22280857639213,1,2,Oculus Rift 29.22280857639213
893,60,Female,Oculus Rift,29.72247662666697,4,3,Oculus Rift 29.72247662666697
894,38,Female,PlayStation VR,26.459488134065936,10,4,PlayStation VR 26.459488134065936
895,23,Male,HTC Vive,49.00393251902323,2,4,HTC Vive 49.00393251902323
896,36,Other,PlayStation VR,10.45110808208452,1,3,PlayStation VR 10.45110808208452
897,45,Male,PlayStation VR,55.19901652270455,6,2,PlayStation VR 55.19901652270455
898,34,Male,Oculus Rift,13.43143335474774,5,3,Oculus Rift 13.43143335474774
899,49,Male,PlayStation VR,46.35086996817831,7,2,PlayStation VR 46.35086996817831
900,50,Female,Oculus Rift,46.61755802709512,9,5,Oculus Rift 46.61755802709512
901,50,Other,PlayStation VR,11.796402001564031,6,3,PlayStation VR 11.796402001564031
902,42,Male,PlayStation VR,51.76165915207558,5,2,PlayStation VR 51.76165915207558
903,30,Other,Oculus Rift,48.19255093882354,8,3,Oculus Rift 48.19255093882354
904,46,Male,Oculus Rift,32.986572072784774,6,2,Oculus Rift 32.986572072784774
905,48,Other,Oculus Rift,29.87831887146513,1,3,Oculus Rift 29.87831887146513
906,24,Male,PlayStation VR,28.10443296970988,2,3,PlayStation VR 28.10443296970988
907,58,Other,PlayStation VR,58.342074419165264,9,4,PlayStation VR 58.342074419165264
908,31,Other,PlayStation VR,41.431063772155184,1,2,PlayStation VR 41.431063772155184
909,27,Other,PlayStation VR,46.2612761376425,6,3,PlayStation VR 46.2612761376425
910,30,Other,PlayStation VR,53.94640157361121,9,4,PlayStation VR 53.94640157361121
911,41,Other,Oculus Rift,30.75902215643183,4,1,Oculus Rift 30.75902215643183
912,45,Male,Oculus Rift,24.34544522388505,4,4,Oculus Rift 24.34544522388505
913,38,Male,PlayStation VR,16.533665387405787,6,4,PlayStation VR 16.533665387405787
914,42,Other,HTC Vive,51.89897647514323,6,4,HTC Vive 51.89897647514323
915,41,Male,HTC Vive,13.947275571793067,10,2,HTC Vive 13.947275571793067
916,41,Female,Oculus Rift,37.63148949365705,8,1,Oculus Rift 37.63148949365705
917,39,Other,HTC Vive,40.95586649364776,10,2,HTC Vive 40.95586649364776
918,20,Male,HTC Vive,44.67839570625579,3,1,HTC Vive 44.67839570625579
919,18,Female,Oculus Rift,59.98372315684714,6,5,Oculus Rift 59.98372315684714
920,20,Female,PlayStation VR,11.525964687100595,3,2,PlayStation VR 11.525964687100595
921,40,Male,Oculus Rift,29.05810966443277,5,2,Oculus Rift 29.05810966443277
922,20,Female,HTC Vive,54.02594759623261,8,2,HTC Vive 54.02594759623261
923,25,Female,HTC Vive,53.73668494367946,3,1,HTC Vive 53.73668494367946
924,39,Male,Oculus Rift,51.71214854058499,10,3,Oculus Rift 51.71214854058499
925,47,Other,PlayStation VR,51.73529881029173,6,3,PlayStation VR 51.73529881029173
926,34,Female,PlayStation VR,55.5530243214555,5,3,PlayStation VR 55.5530243214555
927,44,Male,Oculus Rift,6.803921532615957,3,4,Oculus Rift 6.803921532615957
928,57,Male,Oculus Rift,35.53080384276458,8,4,Oculus Rift 35.53080384276458
929,29,Female,Oculus Rift,38.061565393137016,1,2,Oculus Rift 38.061565393137016
930,44,Other,HTC Vive,52.63597134096303,10,2,HTC Vive 52.63597134096303
931,39,Other,HTC Vive,7.346031633503861,8,4,HTC Vive 7.346031633503861
932,58,Other,Oculus Rift,49.91761110653275,5,1,Oculus Rift 49.91761110653275
933,32,Other,PlayStation VR,17.07993037835969,8,1,PlayStation VR 17.07993037835969
934,31,Male,PlayStation VR,37.25407385485848,10,2,PlayStation VR 37.25407385485848
935,38,Other,HTC Vive,22.81046542054064,3,2,HTC Vive 22.81046542054064
936,27,Other,Oculus Rift,28.6783836511968,7,5,Oculus Rift 28.6783836511968
937,59,Other,HTC Vive,48.22166527625436,9,2,HTC Vive 48.22166527625436
938,56,Male,Oculus Rift,12.153801867179176,10,3,Oculus Rift 12.153801867179176
939,29,Other,HTC Vive,29.039384843423324,5,3,HTC Vive 29.039384843423324
940,31,Female,PlayStation VR,34.25229952154068,6,5,PlayStation VR 34.25229952154068
941,33,Other,Oculus Rift,35.95551372412183,3,2,Oculus Rift 35.95551372412183
942,36,Female,Oculus Rift,11.180116191478,3,4,Oculus Rift 11.180116191478
943,52,Other,PlayStation VR,27.372853790717464,1,3,PlayStation VR 27.372853790717464
944,24,Male,PlayStation VR,15.605029429917511,3,3,PlayStation VR 15.605029429917511
945,46,Male,PlayStation VR,8.293704646828658,1,2,PlayStation VR 8.293704646828658
946,34,Other,PlayStation VR,31.559834806429524,5,4,PlayStation VR 31.559834806429524
947,45,Female,Oculus Rift,28.434502205395997,7,2,Oculus Rift 28.434502205395997
948,60,Other,HTC Vive,39.26133437914534,7,4,HTC Vive 39.26133437914534
949,25,Female,HTC Vive,41.91381775856615,8,5,HTC Vive 41.91381775856615
950,28,Other,Oculus Rift,16.217646493937984,5,4,Oculus Rift 16.217646493937984
951,42,Male,HTC Vive,9.511989949660697,10,1,HTC Vive 9.511989949660697
952,48,Male,PlayStation VR,27.423726804216574,7,4,PlayStation VR 27.423726804216574
953,23,Female,Oculus Rift,30.832381306554456,10,4,Oculus Rift 30.832381306554456
954,25,Female,PlayStation VR,35.420941579171874,9,4,PlayStation VR 35.420941579171874
955,27,Male,HTC Vive,58.94651350294709,6,4,HTC Vive 58.94651350294709
956,39,Male,HTC Vive,53.99327447160268,9,4,HTC Vive 53.99327447160268
957,60,Other,HTC Vive,23.753867259642327,2,4,HTC Vive 23.753867259642327
958,23,Female,HTC Vive,20.34130558003552,7,3,HTC Vive 20.34130558003552
959,28,Other,Oculus Rift,23.48229138949994,10,4,Oculus Rift 23.48229138949994
960,58,Female,PlayStation VR,12.67175978071014,8,1,PlayStation VR 12.67175978071014
961,34,Male,HTC Vive,45.64198795221255,3,3,HTC Vive 45.64198795221255
962,35,Other,Oculus Rift,58.54076411338273,5,5,Oculus Rift 58.54076411338273
963,53,Other,Oculus Rift,53.25425554298267,10,3,Oculus Rift 53.25425554298267
964,42,Female,PlayStation VR,19.29838382279861,6,3,PlayStation VR 19.29838382279861
965,46,Male,HTC Vive,23.259075007733955,7,1,HTC Vive 23.259075007733955
966,44,Other,Oculus Rift,25.520362732838567,7,1,Oculus Rift 25.520362732838567
967,58,Male,PlayStation VR,11.727410089178726,8,2,PlayStation VR 11.727410089178726
968,60,Female,PlayStation VR,20.496223087001,3,2,PlayStation VR 20.496223087001
969,27,Other,HTC Vive,45.77294171798507,5,2,HTC Vive 45.77294171798507
970,55,Male,PlayStation VR,43.70629605070933,10,3,PlayStation VR 43.70629605070933
971,50,Female,PlayStation VR,42.90628288847849,7,2,PlayStation VR 42.90628288847849
972,52,Other,HTC Vive,16.986300643468894,3,3,HTC Vive 16.986300643468894
973,54,Other,Oculus Rift,54.62019977792956,6,2,Oculus Rift 54.62019977792956
974,27,Female,PlayStation VR,29.176282519619217,6,4,PlayStation VR 29.176282519619217
975,35,Female,Oculus Rift,8.13473459034682,7,2,Oculus Rift 8.13473459034682
976,56,Other,Oculus Rift,29.488855735415477,8,5,Oculus Rift 29.488855735415477
977,60,Other,PlayStation VR,11.362185441139014,4,5,PlayStation VR 11.362185441139014
978,31,Other,Oculus Rift,11.65504360235492,6,4,Oculus Rift 11.65504360235492
979,41,Male,HTC Vive,44.78712414612767,5,5,HTC Vive 44.78712414612767
980,57,Male,HTC Vive,29.76788056685257,7,1,HTC Vive 29.76788056685257
981,27,Male,HTC Vive,47.28039750705753,2,4,HTC Vive 47.28039750705753
982,53,Female,PlayStation VR,43.51439789895336,6,2,PlayStation VR 43.51439789895336
983,20,Female,HTC Vive,57.16455298830793,10,4,HTC Vive 57.16455298830793
984,18,Female,PlayStation VR,18.0802359053275,8,5,PlayStation VR 18.0802359053275
985,29,Male,Oculus Rift,27.09497259161493,2,4,Oculus Rift 27.09497259161493
986,48,Male,HTC Vive,10.55443006838203,8,5,HTC Vive 10.55443006838203
987,23,Male,Oculus Rift,30.40630713114149,9,4,Oculus Rift 30.40630713114149
988,25,Female,Oculus Rift,32.548842901153755,6,1,Oculus Rift 32.548842901153755
989,42,Female,Oculus Rift,28.632759594838877,5,4,Oculus Rift 28.632759594838877
990,56,Male,PlayStation VR,23.102600724397465,8,2,PlayStation VR 23.102600724397465
991,33,Female,HTC Vive,54.909283380886095,3,5,HTC Vive 54.909283380886095
992,52,Female,Oculus Rift,12.69381497800827,4,4,Oculus Rift 12.69381497800827
993,37,Female,Oculus Rift,9.172770723739468,7,5,Oculus Rift 9.172770723739468
994,24,Other,HTC Vive,48.770545235660656,8,3,HTC Vive 48.770545235660656
995,24,Other,HTC Vive,15.841157994206302,2,2,HTC Vive 15.841157994206302
996,30,Male,HTC Vive,14.656763281854438,9,2,HTC Vive 14.656763281854438
997,57,Other,Oculus Rift,25.172418951036995,7,5,Oculus Rift 25.172418951036995
998,35,Other,PlayStation VR,37.57613859519163,7,2,PlayStation VR 37.57613859519163
999,52,Male,PlayStation VR,27.567472819136697,7,2,PlayStation VR 27.567472819136697
1000,46,Female,PlayStation VR,37.5111408704985,7,3,PlayStation VR 37.5111408704985
